,mean,Standard deviation
"('q_value_sampling', 'moment_updating', 1, 2, 0.01, 1)",149.8,37.11226212453237
"('q_value_sampling', 'moment_updating', 1, 2, 0.05, 1)",154.6,36.71348526086838
"('q_value_sampling', 'moment_updating', 1, 2, 0.1, 1)",154.56,36.26577449883016
"('q_value_sampling', 'moment_updating', 1, 2, 0.25, 1)",163.6,32.34563339927045
"('q_value_sampling', 'moment_updating', 1, 2, 0.5, 1)",164.44,27.62401853460137
"('q_value_sampling', 'moment_updating', 1, 2, 0.75, 1)",162.04,22.344538482591222
"('q_value_sampling', 'moment_updating', 1, 2, 1, 1)",162.72,19.459743060996466
"('q_value_sampling', 'moment_updating', 1, 2, 1.5, 1)",160.72,40.1093704762366
"('q_value_sampling', 'moment_updating', 1, 2, 2, 1)",162.36,34.34807709319402
"('q_value_sampling', 'moment_updating', 1, 2, 3, 1)",160.48,31.003380460846525
"('q_value_sampling', 'moment_updating', 1, 1.1, 0.01, 1)",153.6,29.724064325054876
"('q_value_sampling', 'moment_updating', 1, 1.1, 0.05, 1)",159.56,33.46709428677668
"('q_value_sampling', 'moment_updating', 1, 1.1, 0.1, 1)",164.24,46.02719196301247
"('q_value_sampling', 'moment_updating', 1, 1.1, 0.25, 1)",162.68,44.995306421892494
"('q_value_sampling', 'moment_updating', 1, 1.1, 0.5, 1)",175.28,50.14979162469172
"('q_value_sampling', 'moment_updating', 1, 1.1, 0.75, 1)",181.84,63.807009019385944
"('q_value_sampling', 'moment_updating', 1, 1.1, 1, 1)",179.44,42.235605832046495
"('q_value_sampling', 'moment_updating', 1, 1.1, 1.5, 1)",176.2,36.6
"('q_value_sampling', 'moment_updating', 1, 1.1, 2, 1)",198.0,67.01999701581612
"('q_value_sampling', 'moment_updating', 1, 1.1, 3, 1)",190.72,46.73801022722298
"('q_value_sampling', 'moment_updating', 1, 1.01, 0.01, 1)",166.8,48.881898490136415
"('q_value_sampling', 'moment_updating', 1, 1.01, 0.05, 1)",170.48,53.831678405934916
"('q_value_sampling', 'moment_updating', 1, 1.01, 0.1, 1)",184.76,48.470840718931214
"('q_value_sampling', 'moment_updating', 1, 1.01, 0.25, 1)",184.68,47.80394962761968
"('q_value_sampling', 'moment_updating', 1, 1.01, 0.5, 1)",186.52,40.56759297764658
"('q_value_sampling', 'moment_updating', 1, 1.01, 0.75, 1)",191.92,39.7410820184856
"('q_value_sampling', 'moment_updating', 1, 1.01, 1, 1)",194.72,37.84761022838826
"('q_value_sampling', 'moment_updating', 1, 1.01, 1.5, 1)",202.76,42.12151944077991
"('q_value_sampling', 'moment_updating', 1, 1.01, 2, 1)",199.64,42.299295502407595
"('q_value_sampling', 'moment_updating', 1, 1.01, 3, 1)",199.52,49.75067436728873
"('q_value_sampling', 'moment_updating', 1, 1.001, 0.01, 1)",165.72,43.50082298072072
"('q_value_sampling', 'moment_updating', 1, 1.001, 0.05, 1)",184.72,42.45422947127883
"('q_value_sampling', 'moment_updating', 1, 1.001, 0.1, 1)",192.12,43.46844372645517
"('q_value_sampling', 'moment_updating', 1, 1.001, 0.25, 1)",199.64,41.584016160058425
"('q_value_sampling', 'moment_updating', 1, 1.001, 0.5, 1)",223.64,72.69959009513053
"('q_value_sampling', 'moment_updating', 1, 1.001, 0.75, 1)",222.28,55.939982123701114
"('q_value_sampling', 'moment_updating', 1, 1.001, 1, 1)",219.76,51.327403986564526
"('q_value_sampling', 'moment_updating', 1, 1.001, 1.5, 1)",234.04,68.11812093708986
"('q_value_sampling', 'moment_updating', 1, 1.001, 2, 1)",240.84,71.32358936565097
"('q_value_sampling', 'moment_updating', 1, 1.001, 3, 1)",236.04,67.80264301633086
"('q_value_sampling', 'moment_updating', 1, 1.0001, 0.01, 1)",186.68,43.46329025741149
"('q_value_sampling', 'moment_updating', 1, 1.0001, 0.05, 1)",200.88,44.53342115759803
"('q_value_sampling', 'moment_updating', 1, 1.0001, 0.1, 1)",230.4,60.23952191045344
"('q_value_sampling', 'moment_updating', 1, 1.0001, 0.25, 1)",228.28,64.10867024045967
"('q_value_sampling', 'moment_updating', 1, 1.0001, 0.5, 1)",258.92,91.2913665140357
"('q_value_sampling', 'moment_updating', 1, 1.0001, 0.75, 1)",259.64,65.10752951848195
"('q_value_sampling', 'moment_updating', 1, 1.0001, 1, 1)",253.2,55.78960476647957
"('q_value_sampling', 'moment_updating', 1, 1.0001, 1.5, 1)",278.28,71.44901398899778
"('q_value_sampling', 'moment_updating', 1, 1.0001, 2, 1)",274.2,65.54174242419865
"('q_value_sampling', 'moment_updating', 1, 1.0001, 3, 1)",280.44,85.3831739864477
"('q_value_sampling', 'moment_updating', 1, 1.25, 0.01, 1)",162.88,42.285051732261124
"('q_value_sampling', 'moment_updating', 1, 1.25, 0.05, 1)",165.08,44.357114423731396
"('q_value_sampling', 'moment_updating', 1, 1.25, 0.1, 1)",168.56,44.665942282683346
"('q_value_sampling', 'moment_updating', 1, 1.25, 0.25, 1)",152.32,33.4863793205536
"('q_value_sampling', 'moment_updating', 1, 1.25, 0.5, 1)",160.08,31.924811667416304
"('q_value_sampling', 'moment_updating', 1, 1.25, 0.75, 1)",162.68,33.30251642143578
"('q_value_sampling', 'moment_updating', 1, 1.25, 1, 1)",165.8,43.022319788686424
"('q_value_sampling', 'moment_updating', 1, 1.25, 1.5, 1)",181.0,43.49206824238185
"('q_value_sampling', 'moment_updating', 1, 1.25, 2, 1)",177.48,43.480220790607774
"('q_value_sampling', 'moment_updating', 1, 1.25, 3, 1)",184.12,51.047287880944275
"('q_value_sampling', 'moment_updating', 1, 1.5, 0.01, 1)",159.12,31.26188733905872
"('q_value_sampling', 'moment_updating', 1, 1.5, 0.05, 1)",168.4,45.323724471848074
"('q_value_sampling', 'moment_updating', 1, 1.5, 0.1, 1)",169.88,43.2969467745706
"('q_value_sampling', 'moment_updating', 1, 1.5, 0.25, 1)",161.2,32.97999393571806
"('q_value_sampling', 'moment_updating', 1, 1.5, 0.5, 1)",162.64,31.552977672479663
"('q_value_sampling', 'moment_updating', 1, 1.5, 0.75, 1)",156.2,34.0476137196133
"('q_value_sampling', 'moment_updating', 1, 1.5, 1, 1)",158.28,32.412368009758254
"('q_value_sampling', 'moment_updating', 1, 1.5, 1.5, 1)",166.52,48.90285881213899
"('q_value_sampling', 'moment_updating', 1, 1.5, 2, 1)",180.48,49.039673734640616
"('q_value_sampling', 'moment_updating', 1, 1.5, 3, 1)",177.6,50.47296305944401
"('q_value_sampling', 'moment_updating', 1, 1.75, 0.01, 1)",145.36,31.540298032834123
"('q_value_sampling', 'moment_updating', 1, 1.75, 0.05, 1)",148.92,30.963746543336775
"('q_value_sampling', 'moment_updating', 1, 1.75, 0.1, 1)",156.88,30.6676637519065
"('q_value_sampling', 'moment_updating', 1, 1.75, 0.25, 1)",161.08,27.141731705991052
"('q_value_sampling', 'moment_updating', 1, 1.75, 0.5, 1)",159.68,29.272130089899505
"('q_value_sampling', 'moment_updating', 1, 1.75, 0.75, 1)",162.2,37.53238601528019
"('q_value_sampling', 'moment_updating', 1, 1.75, 1, 1)",158.8,32.75851034464174
"('q_value_sampling', 'moment_updating', 1, 1.75, 1.5, 1)",163.72,44.61391711114369
"('q_value_sampling', 'moment_updating', 1, 1.75, 2, 1)",168.2,32.291794623402396
"('q_value_sampling', 'moment_updating', 1, 1.75, 3, 1)",170.16,31.140558761846258
"('q_value_sampling', 'moment_updating', 1, 2, 0.01, 1)",149.8,37.11226212453237
"('q_value_sampling', 'moment_updating', 1, 2, 0.05, 1)",154.6,36.71348526086838
"('q_value_sampling', 'moment_updating', 1, 2, 0.1, 1)",154.56,36.26577449883016
"('q_value_sampling', 'moment_updating', 1, 2, 0.25, 1)",163.6,32.34563339927045
"('q_value_sampling', 'moment_updating', 1, 2, 0.5, 1)",164.44,27.62401853460137
"('q_value_sampling', 'moment_updating', 1, 2, 0.75, 1)",162.04,22.344538482591222
"('q_value_sampling', 'moment_updating', 1, 2, 1, 1)",162.72,19.459743060996466
"('q_value_sampling', 'moment_updating', 1, 2, 1.5, 1)",160.72,40.1093704762366
"('q_value_sampling', 'moment_updating', 1, 2, 2, 1)",162.36,34.34807709319402
"('q_value_sampling', 'moment_updating', 1, 2, 3, 1)",160.48,31.003380460846525
"('q_value_sampling', 'moment_updating', 1, 5, 0.01, 1)",156.2,50.42261397428737
"('q_value_sampling', 'moment_updating', 1, 5, 0.05, 1)",153.72,43.371898736393824
"('q_value_sampling', 'moment_updating', 1, 5, 0.1, 1)",153.6,43.28694953447286
"('q_value_sampling', 'moment_updating', 1, 5, 0.25, 1)",151.48,38.18022524815693
"('q_value_sampling', 'moment_updating', 1, 5, 0.5, 1)",148.2,29.746260269149804
"('q_value_sampling', 'moment_updating', 1, 5, 0.75, 1)",148.84,29.73237965585668
"('q_value_sampling', 'moment_updating', 1, 5, 1, 1)",151.36,27.926875944151003
"('q_value_sampling', 'moment_updating', 1, 5, 1.5, 1)",156.96,26.809669897259084
"('q_value_sampling', 'moment_updating', 1, 5, 2, 1)",167.4,34.07110212482126
"('q_value_sampling', 'moment_updating', 1, 5, 3, 1)",170.4,25.279240494919936
"('q_value_sampling', 'moment_updating', 0.1, 2, 0.01, 1)",144.8,34.10102637751539
"('q_value_sampling', 'moment_updating', 0.1, 2, 0.05, 1)",158.24,34.186874674354186
"('q_value_sampling', 'moment_updating', 0.1, 2, 0.1, 1)",161.84,37.34132295460352
"('q_value_sampling', 'moment_updating', 0.1, 2, 0.25, 1)",153.92,38.68428104540655
"('q_value_sampling', 'moment_updating', 0.1, 2, 0.5, 1)",162.76,36.60795541955328
"('q_value_sampling', 'moment_updating', 0.1, 2, 0.75, 1)",162.56,41.84359449186936
"('q_value_sampling', 'moment_updating', 0.1, 2, 1, 1)",160.12,36.038668121893735
"('q_value_sampling', 'moment_updating', 0.1, 2, 1.5, 1)",172.88,53.36689610610683
"('q_value_sampling', 'moment_updating', 0.1, 2, 2, 1)",164.76,37.41420051263958
"('q_value_sampling', 'moment_updating', 0.1, 2, 3, 1)",170.96,32.63186173052344
"('q_value_sampling', 'moment_updating', 0.1, 1.1, 0.01, 1)",152.88,51.05629833820701
"('q_value_sampling', 'moment_updating', 0.1, 1.1, 0.05, 1)",165.68,59.332770034779266
"('q_value_sampling', 'moment_updating', 0.1, 1.1, 0.1, 1)",195.88,69.66940217914892
"('q_value_sampling', 'moment_updating', 0.1, 1.1, 0.25, 1)",206.6,73.71539866269462
"('q_value_sampling', 'moment_updating', 0.1, 1.1, 0.5, 1)",197.92,52.89984499032109
"('q_value_sampling', 'moment_updating', 0.1, 1.1, 0.75, 1)",206.88,54.53242705033401
"('q_value_sampling', 'moment_updating', 0.1, 1.1, 1, 1)",203.92,57.11316485715005
"('q_value_sampling', 'moment_updating', 0.1, 1.1, 1.5, 1)",204.84,49.133434644852585
"('q_value_sampling', 'moment_updating', 0.1, 1.1, 2, 1)",208.12,35.10307109071797
"('q_value_sampling', 'moment_updating', 0.1, 1.1, 3, 1)",208.48,41.842676778619214
"('q_value_sampling', 'moment_updating', 0.1, 1.01, 0.01, 1)",163.44,59.86790793071026
"('q_value_sampling', 'moment_updating', 0.1, 1.01, 0.05, 1)",198.84,51.06715578529903
"('q_value_sampling', 'moment_updating', 0.1, 1.01, 0.1, 1)",192.92,48.4515593144328
"('q_value_sampling', 'moment_updating', 0.1, 1.01, 0.25, 1)",212.48,58.58813531765625
"('q_value_sampling', 'moment_updating', 0.1, 1.01, 0.5, 1)",227.24,67.43517183191571
"('q_value_sampling', 'moment_updating', 0.1, 1.01, 0.75, 1)",213.4,57.95204914409843
"('q_value_sampling', 'moment_updating', 0.1, 1.01, 1, 1)",225.84,72.32575198364688
"('q_value_sampling', 'moment_updating', 0.1, 1.01, 1.5, 1)",233.8,57.2939787412255
"('q_value_sampling', 'moment_updating', 0.1, 1.01, 2, 1)",232.96,55.30748954707671
"('q_value_sampling', 'moment_updating', 0.1, 1.01, 3, 1)",271.16,76.37810157368406
"('q_value_sampling', 'moment_updating', 0.1, 1.001, 0.01, 1)",186.0,60.15712759100122
"('q_value_sampling', 'moment_updating', 0.1, 1.001, 0.05, 1)",216.72,61.13821718041834
"('q_value_sampling', 'moment_updating', 0.1, 1.001, 0.1, 1)",231.28,62.92695447898301
"('q_value_sampling', 'moment_updating', 0.1, 1.001, 0.25, 1)",231.6,60.09725451299752
"('q_value_sampling', 'moment_updating', 0.1, 1.001, 0.5, 1)",251.84,67.86320357896464
"('q_value_sampling', 'moment_updating', 0.1, 1.001, 0.75, 1)",276.4,73.64889680097048
"('q_value_sampling', 'moment_updating', 0.1, 1.001, 1, 1)",258.92,69.49901869810826
"('q_value_sampling', 'moment_updating', 0.1, 1.001, 1.5, 1)",286.2,79.12243676732915
"('q_value_sampling', 'moment_updating', 0.1, 1.001, 2, 1)",269.76,63.85438434438155
"('q_value_sampling', 'moment_updating', 0.1, 1.001, 3, 1)",274.28,54.18931259944161
"('q_value_sampling', 'moment_updating', 0.1, 1.0001, 0.01, 1)",227.2,59.3983164744591
"('q_value_sampling', 'moment_updating', 0.1, 1.0001, 0.05, 1)",264.12,72.31974557477369
"('q_value_sampling', 'moment_updating', 0.1, 1.0001, 0.1, 1)",259.64,62.36882554610116
"('q_value_sampling', 'moment_updating', 0.1, 1.0001, 0.25, 1)",277.04,59.78259278418761
"('q_value_sampling', 'moment_updating', 0.1, 1.0001, 0.5, 1)",265.04,64.12642513036259
"('q_value_sampling', 'moment_updating', 0.1, 1.0001, 0.75, 1)",284.04,62.20673918475393
"('q_value_sampling', 'moment_updating', 0.1, 1.0001, 1, 1)",283.12,80.27169862411036
"('q_value_sampling', 'moment_updating', 0.1, 1.0001, 1.5, 1)",270.88,74.41952431989874
"('q_value_sampling', 'moment_updating', 0.1, 1.0001, 2, 1)",264.76,59.567628792826724
"('q_value_sampling', 'moment_updating', 0.1, 1.0001, 3, 1)",256.24,67.40639732250938
"('q_value_sampling', 'moment_updating', 0.1, 1.25, 0.01, 1)",154.08,45.51036804948956
"('q_value_sampling', 'moment_updating', 0.1, 1.25, 0.05, 1)",158.48,47.27208055501682
"('q_value_sampling', 'moment_updating', 0.1, 1.25, 0.1, 1)",166.2,59.15978363719732
"('q_value_sampling', 'moment_updating', 0.1, 1.25, 0.25, 1)",186.4,58.41643604329179
"('q_value_sampling', 'moment_updating', 0.1, 1.25, 0.5, 1)",185.48,53.64447408633996
"('q_value_sampling', 'moment_updating', 0.1, 1.25, 0.75, 1)",196.8,47.240660452622805
"('q_value_sampling', 'moment_updating', 0.1, 1.25, 1, 1)",206.2,66.27729626350188
"('q_value_sampling', 'moment_updating', 0.1, 1.25, 1.5, 1)",194.4,45.46647116282503
"('q_value_sampling', 'moment_updating', 0.1, 1.25, 2, 1)",200.56,56.26798734626999
"('q_value_sampling', 'moment_updating', 0.1, 1.25, 3, 1)",210.08,63.54961526240738
"('q_value_sampling', 'moment_updating', 0.1, 1.5, 0.01, 1)",152.48,29.77934854895251
"('q_value_sampling', 'moment_updating', 0.1, 1.5, 0.05, 1)",149.08,53.41192376239598
"('q_value_sampling', 'moment_updating', 0.1, 1.5, 0.1, 1)",155.0,50.498712854883735
"('q_value_sampling', 'moment_updating', 0.1, 1.5, 0.25, 1)",162.8,50.12783657809301
"('q_value_sampling', 'moment_updating', 0.1, 1.5, 0.5, 1)",180.44,61.70029497498371
"('q_value_sampling', 'moment_updating', 0.1, 1.5, 0.75, 1)",197.24,63.48277246623686
"('q_value_sampling', 'moment_updating', 0.1, 1.5, 1, 1)",210.52,73.39625058543521
"('q_value_sampling', 'moment_updating', 0.1, 1.5, 1.5, 1)",192.88,64.59988854479549
"('q_value_sampling', 'moment_updating', 0.1, 1.5, 2, 1)",208.96,70.88948017865556
"('q_value_sampling', 'moment_updating', 0.1, 1.5, 3, 1)",206.44,57.29124191357698
"('q_value_sampling', 'moment_updating', 0.1, 1.75, 0.01, 1)",149.4,36.49273900380732
"('q_value_sampling', 'moment_updating', 0.1, 1.75, 0.05, 1)",158.92,33.26069151415827
"('q_value_sampling', 'moment_updating', 0.1, 1.75, 0.1, 1)",150.36,35.520563058600295
"('q_value_sampling', 'moment_updating', 0.1, 1.75, 0.25, 1)",161.88,44.8738855014807
"('q_value_sampling', 'moment_updating', 0.1, 1.75, 0.5, 1)",175.64,51.48776942148494
"('q_value_sampling', 'moment_updating', 0.1, 1.75, 0.75, 1)",174.72,48.40621447706895
"('q_value_sampling', 'moment_updating', 0.1, 1.75, 1, 1)",190.32,71.88697795845921
"('q_value_sampling', 'moment_updating', 0.1, 1.75, 1.5, 1)",171.6,35.051961428713234
"('q_value_sampling', 'moment_updating', 0.1, 1.75, 2, 1)",177.84,43.17562275173342
"('q_value_sampling', 'moment_updating', 0.1, 1.75, 3, 1)",204.88,55.19878259527107
"('q_value_sampling', 'moment_updating', 0.1, 2, 0.01, 1)",144.8,34.10102637751539
"('q_value_sampling', 'moment_updating', 0.1, 2, 0.05, 1)",158.24,34.186874674354186
"('q_value_sampling', 'moment_updating', 0.1, 2, 0.1, 1)",161.84,37.34132295460352
"('q_value_sampling', 'moment_updating', 0.1, 2, 0.25, 1)",153.92,38.68428104540655
"('q_value_sampling', 'moment_updating', 0.1, 2, 0.5, 1)",162.76,36.60795541955328
"('q_value_sampling', 'moment_updating', 0.1, 2, 0.75, 1)",162.56,41.84359449186936
"('q_value_sampling', 'moment_updating', 0.1, 2, 1, 1)",160.12,36.038668121893735
"('q_value_sampling', 'moment_updating', 0.1, 2, 1.5, 1)",172.88,53.36689610610683
"('q_value_sampling', 'moment_updating', 0.1, 2, 2, 1)",164.76,37.41420051263958
"('q_value_sampling', 'moment_updating', 0.1, 2, 3, 1)",170.96,32.63186173052344
"('q_value_sampling', 'moment_updating', 0.1, 5, 0.01, 1)",152.8,45.290175535098115
"('q_value_sampling', 'moment_updating', 0.1, 5, 0.05, 1)",151.24,45.76267474700315
"('q_value_sampling', 'moment_updating', 0.1, 5, 0.1, 1)",146.8,32.78292238346057
"('q_value_sampling', 'moment_updating', 0.1, 5, 0.25, 1)",149.88,30.553323878098762
"('q_value_sampling', 'moment_updating', 0.1, 5, 0.5, 1)",155.8,28.05494608798955
"('q_value_sampling', 'moment_updating', 0.1, 5, 0.75, 1)",160.52,29.817605537668513
"('q_value_sampling', 'moment_updating', 0.1, 5, 1, 1)",163.04,30.242327952722157
"('q_value_sampling', 'moment_updating', 0.1, 5, 1.5, 1)",163.96,35.30096882523198
"('q_value_sampling', 'moment_updating', 0.1, 5, 2, 1)",175.08,38.96092401368325
"('q_value_sampling', 'moment_updating', 0.1, 5, 3, 1)",169.56,29.05247665862585
"('q_value_sampling', 'moment_updating', 0.01, 2, 0.01, 1)",163.36,35.822763712477574
"('q_value_sampling', 'moment_updating', 0.01, 2, 0.05, 1)",167.4,38.237677753754866
"('q_value_sampling', 'moment_updating', 0.01, 2, 0.1, 1)",165.8,43.19120280797931
"('q_value_sampling', 'moment_updating', 0.01, 2, 0.25, 1)",175.96,61.61751698989501
"('q_value_sampling', 'moment_updating', 0.01, 2, 0.5, 1)",173.56,32.88109487228186
"('q_value_sampling', 'moment_updating', 0.01, 2, 0.75, 1)",190.6,51.821617111008806
"('q_value_sampling', 'moment_updating', 0.01, 2, 1, 1)",197.08,48.88387873317746
"('q_value_sampling', 'moment_updating', 0.01, 2, 1.5, 1)",211.44,61.92387584768899
"('q_value_sampling', 'moment_updating', 0.01, 2, 2, 1)",208.36,48.42427490422546
"('q_value_sampling', 'moment_updating', 0.01, 2, 3, 1)",196.32,44.671888252009225
"('q_value_sampling', 'moment_updating', 0.01, 1.1, 0.01, 1)",191.08,67.5280208506069
"('q_value_sampling', 'moment_updating', 0.01, 1.1, 0.05, 1)",184.32,47.913856033510804
"('q_value_sampling', 'moment_updating', 0.01, 1.1, 0.1, 1)",218.44,62.70985887402394
"('q_value_sampling', 'moment_updating', 0.01, 1.1, 0.25, 1)",219.48,60.754996502345385
"('q_value_sampling', 'moment_updating', 0.01, 1.1, 0.5, 1)",208.72,41.5668329320385
"('q_value_sampling', 'moment_updating', 0.01, 1.1, 0.75, 1)",224.88,53.51210704130421
"('q_value_sampling', 'moment_updating', 0.01, 1.1, 1, 1)",224.24,54.431814226608324
"('q_value_sampling', 'moment_updating', 0.01, 1.1, 1.5, 1)",227.84,51.73136766025039
"('q_value_sampling', 'moment_updating', 0.01, 1.1, 2, 1)",238.56,61.33324057964001
"('q_value_sampling', 'moment_updating', 0.01, 1.1, 3, 1)",241.08,76.84187400109396
"('q_value_sampling', 'moment_updating', 0.01, 1.01, 0.01, 1)",198.0,47.97666099261182
"('q_value_sampling', 'moment_updating', 0.01, 1.01, 0.05, 1)",235.28,66.79252652804803
"('q_value_sampling', 'moment_updating', 0.01, 1.01, 0.1, 1)",240.84,75.77766425537277
"('q_value_sampling', 'moment_updating', 0.01, 1.01, 0.25, 1)",264.4,73.00082191318123
"('q_value_sampling', 'moment_updating', 0.01, 1.01, 0.5, 1)",255.28,69.33831264171346
"('q_value_sampling', 'moment_updating', 0.01, 1.01, 0.75, 1)",259.04,60.6013069166004
"('q_value_sampling', 'moment_updating', 0.01, 1.01, 1, 1)",286.08,82.68006773098338
"('q_value_sampling', 'moment_updating', 0.01, 1.01, 1.5, 1)",259.04,58.40443818752133
"('q_value_sampling', 'moment_updating', 0.01, 1.01, 2, 1)",288.32,76.26413049396157
"('q_value_sampling', 'moment_updating', 0.01, 1.01, 3, 1)",275.6,81.59803919212764
"('q_value_sampling', 'moment_updating', 0.01, 1.001, 0.01, 1)",222.16,55.66160615720678
"('q_value_sampling', 'moment_updating', 0.01, 1.001, 0.05, 1)",263.04,68.09550939672894
"('q_value_sampling', 'moment_updating', 0.01, 1.001, 0.1, 1)",278.12,64.1765190704513
"('q_value_sampling', 'moment_updating', 0.01, 1.001, 0.25, 1)",276.4,65.21349553581682
"('q_value_sampling', 'moment_updating', 0.01, 1.001, 0.5, 1)",284.4,62.88402022771763
"('q_value_sampling', 'moment_updating', 0.01, 1.001, 0.75, 1)",282.52,74.23294147479271
"('q_value_sampling', 'moment_updating', 0.01, 1.001, 1, 1)",267.24,63.657697099408175
"('q_value_sampling', 'moment_updating', 0.01, 1.001, 1.5, 1)",248.8,62.23311015850004
"('q_value_sampling', 'moment_updating', 0.01, 1.001, 2, 1)",263.16,63.54852004570996
"('q_value_sampling', 'moment_updating', 0.01, 1.001, 3, 1)",266.04,51.55112413905249
"('q_value_sampling', 'moment_updating', 0.01, 1.0001, 0.01, 1)",273.08,73.77610453256528
"('q_value_sampling', 'moment_updating', 0.01, 1.0001, 0.05, 1)",273.2,63.86360465867864
"('q_value_sampling', 'moment_updating', 0.01, 1.0001, 0.1, 1)",266.4,61.16338774136044
"('q_value_sampling', 'moment_updating', 0.01, 1.0001, 0.25, 1)",276.08,60.70777215480733
"('q_value_sampling', 'moment_updating', 0.01, 1.0001, 0.5, 1)",257.4,61.08649605272838
"('q_value_sampling', 'moment_updating', 0.01, 1.0001, 0.75, 1)",227.28,56.44644895828257
"('q_value_sampling', 'moment_updating', 0.01, 1.0001, 1, 1)",207.4,61.91122676865642
"('q_value_sampling', 'moment_updating', 0.01, 1.0001, 1.5, 1)",195.04,58.0223956761525
"('q_value_sampling', 'moment_updating', 0.01, 1.0001, 2, 1)",185.68,56.448716548740066
"('q_value_sampling', 'moment_updating', 0.01, 1.0001, 3, 1)",172.36,39.88120359267007
"('q_value_sampling', 'moment_updating', 0.01, 1.25, 0.01, 1)",170.72,75.50444755112112
"('q_value_sampling', 'moment_updating', 0.01, 1.25, 0.05, 1)",200.88,68.76063990394505
"('q_value_sampling', 'moment_updating', 0.01, 1.25, 0.1, 1)",200.84,56.71132514762814
"('q_value_sampling', 'moment_updating', 0.01, 1.25, 0.25, 1)",198.32,46.04408322466634
"('q_value_sampling', 'moment_updating', 0.01, 1.25, 0.5, 1)",213.44,65.28098038479509
"('q_value_sampling', 'moment_updating', 0.01, 1.25, 0.75, 1)",214.32,50.41168118601085
"('q_value_sampling', 'moment_updating', 0.01, 1.25, 1, 1)",221.96,51.32093529934932
"('q_value_sampling', 'moment_updating', 0.01, 1.25, 1.5, 1)",216.96,47.751423015445305
"('q_value_sampling', 'moment_updating', 0.01, 1.25, 2, 1)",228.12,61.04609406014442
"('q_value_sampling', 'moment_updating', 0.01, 1.25, 3, 1)",217.24,52.89822681338194
"('q_value_sampling', 'moment_updating', 0.01, 1.5, 0.01, 1)",150.64,52.258495959987215
"('q_value_sampling', 'moment_updating', 0.01, 1.5, 0.05, 1)",182.28,81.09057651786672
"('q_value_sampling', 'moment_updating', 0.01, 1.5, 0.1, 1)",191.12,41.60992189370223
"('q_value_sampling', 'moment_updating', 0.01, 1.5, 0.25, 1)",209.44,68.29353117243244
"('q_value_sampling', 'moment_updating', 0.01, 1.5, 0.5, 1)",223.16,70.981789213854
"('q_value_sampling', 'moment_updating', 0.01, 1.5, 0.75, 1)",214.6,68.60116617084581
"('q_value_sampling', 'moment_updating', 0.01, 1.5, 1, 1)",228.88,71.67276749226306
"('q_value_sampling', 'moment_updating', 0.01, 1.5, 1.5, 1)",218.52,53.99675545808285
"('q_value_sampling', 'moment_updating', 0.01, 1.5, 2, 1)",214.84,49.16761535807894
"('q_value_sampling', 'moment_updating', 0.01, 1.5, 3, 1)",214.88,54.801693404492525
"('q_value_sampling', 'moment_updating', 0.01, 1.75, 0.01, 1)",161.76,48.20562622765106
"('q_value_sampling', 'moment_updating', 0.01, 1.75, 0.05, 1)",172.96,42.58119772857499
"('q_value_sampling', 'moment_updating', 0.01, 1.75, 0.1, 1)",171.04,38.34420947157471
"('q_value_sampling', 'moment_updating', 0.01, 1.75, 0.25, 1)",199.16,64.55396502152288
"('q_value_sampling', 'moment_updating', 0.01, 1.75, 0.5, 1)",194.64,57.93712454031525
"('q_value_sampling', 'moment_updating', 0.01, 1.75, 0.75, 1)",197.84,61.95848932955032
"('q_value_sampling', 'moment_updating', 0.01, 1.75, 1, 1)",195.4,44.77543969633353
"('q_value_sampling', 'moment_updating', 0.01, 1.75, 1.5, 1)",215.84,55.61847175174808
"('q_value_sampling', 'moment_updating', 0.01, 1.75, 2, 1)",224.04,55.21230297678226
"('q_value_sampling', 'moment_updating', 0.01, 1.75, 3, 1)",212.12,54.15889216001376
"('q_value_sampling', 'moment_updating', 0.01, 2, 0.01, 1)",163.36,35.822763712477574
"('q_value_sampling', 'moment_updating', 0.01, 2, 0.05, 1)",167.4,38.237677753754866
"('q_value_sampling', 'moment_updating', 0.01, 2, 0.1, 1)",165.8,43.19120280797931
"('q_value_sampling', 'moment_updating', 0.01, 2, 0.25, 1)",175.96,61.61751698989501
"('q_value_sampling', 'moment_updating', 0.01, 2, 0.5, 1)",173.56,32.88109487228186
"('q_value_sampling', 'moment_updating', 0.01, 2, 0.75, 1)",190.6,51.821617111008806
"('q_value_sampling', 'moment_updating', 0.01, 2, 1, 1)",197.08,48.88387873317746
"('q_value_sampling', 'moment_updating', 0.01, 2, 1.5, 1)",211.44,61.92387584768899
"('q_value_sampling', 'moment_updating', 0.01, 2, 2, 1)",208.36,48.42427490422546
"('q_value_sampling', 'moment_updating', 0.01, 2, 3, 1)",196.32,44.671888252009225
"('q_value_sampling', 'moment_updating', 0.01, 5, 0.01, 1)",147.16,32.535740348115645
"('q_value_sampling', 'moment_updating', 0.01, 5, 0.05, 1)",153.36,30.92556224226166
"('q_value_sampling', 'moment_updating', 0.01, 5, 0.1, 1)",154.96,30.33213477485553
"('q_value_sampling', 'moment_updating', 0.01, 5, 0.25, 1)",162.48,37.287123782882475
"('q_value_sampling', 'moment_updating', 0.01, 5, 0.5, 1)",171.36,34.18874668659265
"('q_value_sampling', 'moment_updating', 0.01, 5, 0.75, 1)",174.16,34.313472572737375
"('q_value_sampling', 'moment_updating', 0.01, 5, 1, 1)",178.36,31.78600950103677
"('q_value_sampling', 'moment_updating', 0.01, 5, 1.5, 1)",175.64,34.533902183217
"('q_value_sampling', 'moment_updating', 0.01, 5, 2, 1)",170.56,20.999199984761326
"('q_value_sampling', 'moment_updating', 0.01, 5, 3, 1)",175.8,35.232371478513905
"('q_value_sampling', 'moment_updating', 0.001, 2, 0.01, 1)",164.52,42.05864477131901
"('q_value_sampling', 'moment_updating', 0.001, 2, 0.05, 1)",187.28,49.44291253556975
"('q_value_sampling', 'moment_updating', 0.001, 2, 0.1, 1)",193.12,49.741990309998656
"('q_value_sampling', 'moment_updating', 0.001, 2, 0.25, 1)",206.88,56.17281904978599
"('q_value_sampling', 'moment_updating', 0.001, 2, 0.5, 1)",210.36,55.370302509558314
"('q_value_sampling', 'moment_updating', 0.001, 2, 0.75, 1)",220.6,62.0170944175878
"('q_value_sampling', 'moment_updating', 0.001, 2, 1, 1)",234.28,64.57493011997768
"('q_value_sampling', 'moment_updating', 0.001, 2, 1.5, 1)",227.88,57.85002679342508
"('q_value_sampling', 'moment_updating', 0.001, 2, 2, 1)",238.28,72.51594031659522
"('q_value_sampling', 'moment_updating', 0.001, 2, 3, 1)",235.28,59.21318772030433
"('q_value_sampling', 'moment_updating', 0.001, 1.1, 0.01, 1)",215.96,55.92922670661557
"('q_value_sampling', 'moment_updating', 0.001, 1.1, 0.05, 1)",210.28,39.57981303644574
"('q_value_sampling', 'moment_updating', 0.001, 1.1, 0.1, 1)",230.92,60.80685487673244
"('q_value_sampling', 'moment_updating', 0.001, 1.1, 0.25, 1)",246.6,57.18776092836648
"('q_value_sampling', 'moment_updating', 0.001, 1.1, 0.5, 1)",249.16,59.823861460123084
"('q_value_sampling', 'moment_updating', 0.001, 1.1, 0.75, 1)",257.92,55.3316690512766
"('q_value_sampling', 'moment_updating', 0.001, 1.1, 1, 1)",284.52,63.4965321887739
"('q_value_sampling', 'moment_updating', 0.001, 1.1, 1.5, 1)",283.36,63.187897575406005
"('q_value_sampling', 'moment_updating', 0.001, 1.1, 2, 1)",263.68,52.16184045832739
"('q_value_sampling', 'moment_updating', 0.001, 1.1, 3, 1)",281.08,56.91285970674817
"('q_value_sampling', 'moment_updating', 0.001, 1.01, 0.01, 1)",234.84,71.26523977367928
"('q_value_sampling', 'moment_updating', 0.001, 1.01, 0.05, 1)",254.04,61.28815872580934
"('q_value_sampling', 'moment_updating', 0.001, 1.01, 0.1, 1)",274.32,68.04864142655605
"('q_value_sampling', 'moment_updating', 0.001, 1.01, 0.25, 1)",271.76,69.82107418251312
"('q_value_sampling', 'moment_updating', 0.001, 1.01, 0.5, 1)",273.6,62.31661094764381
"('q_value_sampling', 'moment_updating', 0.001, 1.01, 0.75, 1)",289.12,75.28629091673996
"('q_value_sampling', 'moment_updating', 0.001, 1.01, 1, 1)",253.12,59.29473501079164
"('q_value_sampling', 'moment_updating', 0.001, 1.01, 1.5, 1)",272.68,66.81031058152627
"('q_value_sampling', 'moment_updating', 0.001, 1.01, 2, 1)",263.28,57.66074574613131
"('q_value_sampling', 'moment_updating', 0.001, 1.01, 3, 1)",269.0,58.70775076597638
"('q_value_sampling', 'moment_updating', 0.001, 1.001, 0.01, 1)",275.72,69.34436963445555
"('q_value_sampling', 'moment_updating', 0.001, 1.001, 0.05, 1)",271.48,75.10825254258017
"('q_value_sampling', 'moment_updating', 0.001, 1.001, 0.1, 1)",272.84,80.75354109882737
"('q_value_sampling', 'moment_updating', 0.001, 1.001, 0.25, 1)",268.08,64.69863677080066
"('q_value_sampling', 'moment_updating', 0.001, 1.001, 0.5, 1)",257.68,62.74310798804918
"('q_value_sampling', 'moment_updating', 0.001, 1.001, 0.75, 1)",234.68,58.74910722725921
"('q_value_sampling', 'moment_updating', 0.001, 1.001, 1, 1)",209.28,61.99065736060556
"('q_value_sampling', 'moment_updating', 0.001, 1.001, 1.5, 1)",201.72,61.67269736277148
"('q_value_sampling', 'moment_updating', 0.001, 1.001, 2, 1)",182.96,54.18522307788351
"('q_value_sampling', 'moment_updating', 0.001, 1.001, 3, 1)",176.8,41.385987966943595
"('q_value_sampling', 'moment_updating', 0.001, 1.0001, 0.01, 1)",272.0,66.75567391615488
"('q_value_sampling', 'moment_updating', 0.001, 1.0001, 0.05, 1)",249.96,60.598996691364455
"('q_value_sampling', 'moment_updating', 0.001, 1.0001, 0.1, 1)",206.36,60.58341687293644
"('q_value_sampling', 'moment_updating', 0.001, 1.0001, 0.25, 1)",177.16,42.10100236336422
"('q_value_sampling', 'moment_updating', 0.001, 1.0001, 0.5, 1)",160.12,34.41955258279805
"('q_value_sampling', 'moment_updating', 0.001, 1.0001, 0.75, 1)",150.28,31.85469510135044
"('q_value_sampling', 'moment_updating', 0.001, 1.0001, 1, 1)",145.84,31.179069902740846
"('q_value_sampling', 'moment_updating', 0.001, 1.0001, 1.5, 1)",142.24,25.80740978866341
"('q_value_sampling', 'moment_updating', 0.001, 1.0001, 2, 1)",141.92,26.704186937632088
"('q_value_sampling', 'moment_updating', 0.001, 1.0001, 3, 1)",142.16,26.71281340480631
"('q_value_sampling', 'moment_updating', 0.001, 1.25, 0.01, 1)",204.92,62.78625327251181
"('q_value_sampling', 'moment_updating', 0.001, 1.25, 0.05, 1)",212.32,63.69346591291763
"('q_value_sampling', 'moment_updating', 0.001, 1.25, 0.1, 1)",224.28,51.76564111454624
"('q_value_sampling', 'moment_updating', 0.001, 1.25, 0.25, 1)",227.84,58.08661119397481
"('q_value_sampling', 'moment_updating', 0.001, 1.25, 0.5, 1)",231.52,64.59295317602377
"('q_value_sampling', 'moment_updating', 0.001, 1.25, 0.75, 1)",254.04,67.31833628366049
"('q_value_sampling', 'moment_updating', 0.001, 1.25, 1, 1)",247.08,59.94291951515208
"('q_value_sampling', 'moment_updating', 0.001, 1.25, 1.5, 1)",247.32,72.31554189799037
"('q_value_sampling', 'moment_updating', 0.001, 1.25, 2, 1)",258.08,64.4409310919698
"('q_value_sampling', 'moment_updating', 0.001, 1.25, 3, 1)",259.88,59.798876243621834
"('q_value_sampling', 'moment_updating', 0.001, 1.5, 0.01, 1)",199.88,69.38289126290428
"('q_value_sampling', 'moment_updating', 0.001, 1.5, 0.05, 1)",209.28,57.61494250626308
"('q_value_sampling', 'moment_updating', 0.001, 1.5, 0.1, 1)",226.76,66.08708194496107
"('q_value_sampling', 'moment_updating', 0.001, 1.5, 0.25, 1)",224.64,54.92750130854306
"('q_value_sampling', 'moment_updating', 0.001, 1.5, 0.5, 1)",221.96,68.47889017792272
"('q_value_sampling', 'moment_updating', 0.001, 1.5, 0.75, 1)",218.8,45.18937928318998
"('q_value_sampling', 'moment_updating', 0.001, 1.5, 1, 1)",241.12,73.39772203549644
"('q_value_sampling', 'moment_updating', 0.001, 1.5, 1.5, 1)",234.2,70.75846239143415
"('q_value_sampling', 'moment_updating', 0.001, 1.5, 2, 1)",236.92,53.838588391598826
"('q_value_sampling', 'moment_updating', 0.001, 1.5, 3, 1)",252.56,63.5937607002448
"('q_value_sampling', 'moment_updating', 0.001, 1.75, 0.01, 1)",168.88,48.36719549446712
"('q_value_sampling', 'moment_updating', 0.001, 1.75, 0.05, 1)",194.52,43.3438530820692
"('q_value_sampling', 'moment_updating', 0.001, 1.75, 0.1, 1)",200.96,55.78421282047458
"('q_value_sampling', 'moment_updating', 0.001, 1.75, 0.25, 1)",217.28,58.24604364246553
"('q_value_sampling', 'moment_updating', 0.001, 1.75, 0.5, 1)",218.12,67.78484786440109
"('q_value_sampling', 'moment_updating', 0.001, 1.75, 0.75, 1)",223.84,55.40085197900841
"('q_value_sampling', 'moment_updating', 0.001, 1.75, 1, 1)",225.84,58.347702611156855
"('q_value_sampling', 'moment_updating', 0.001, 1.75, 1.5, 1)",238.92,56.42440606687854
"('q_value_sampling', 'moment_updating', 0.001, 1.75, 2, 1)",240.44,65.75018174879823
"('q_value_sampling', 'moment_updating', 0.001, 1.75, 3, 1)",240.72,62.074484291051505
"('q_value_sampling', 'moment_updating', 0.001, 2, 0.01, 1)",164.52,42.05864477131901
"('q_value_sampling', 'moment_updating', 0.001, 2, 0.05, 1)",187.28,49.44291253556975
"('q_value_sampling', 'moment_updating', 0.001, 2, 0.1, 1)",193.12,49.741990309998656
"('q_value_sampling', 'moment_updating', 0.001, 2, 0.25, 1)",206.88,56.17281904978599
"('q_value_sampling', 'moment_updating', 0.001, 2, 0.5, 1)",210.36,55.370302509558314
"('q_value_sampling', 'moment_updating', 0.001, 2, 0.75, 1)",220.6,62.0170944175878
"('q_value_sampling', 'moment_updating', 0.001, 2, 1, 1)",234.28,64.57493011997768
"('q_value_sampling', 'moment_updating', 0.001, 2, 1.5, 1)",227.88,57.85002679342508
"('q_value_sampling', 'moment_updating', 0.001, 2, 2, 1)",238.28,72.51594031659522
"('q_value_sampling', 'moment_updating', 0.001, 2, 3, 1)",235.28,59.21318772030433
"('q_value_sampling', 'moment_updating', 0.001, 5, 0.01, 1)",154.96,30.33213477485553
"('q_value_sampling', 'moment_updating', 0.001, 5, 0.05, 1)",169.76,35.8477670155339
"('q_value_sampling', 'moment_updating', 0.001, 5, 0.1, 1)",177.08,27.429064876513745
"('q_value_sampling', 'moment_updating', 0.001, 5, 0.25, 1)",172.08,25.395936682863265
"('q_value_sampling', 'moment_updating', 0.001, 5, 0.5, 1)",179.68,40.33134760952081
"('q_value_sampling', 'moment_updating', 0.001, 5, 0.75, 1)",172.44,36.917833089172504
"('q_value_sampling', 'moment_updating', 0.001, 5, 1, 1)",179.16,32.37799252578825
"('q_value_sampling', 'moment_updating', 0.001, 5, 1.5, 1)",193.52,49.54442047294528
"('q_value_sampling', 'moment_updating', 0.001, 5, 2, 1)",187.76,28.5982936553914
"('q_value_sampling', 'moment_updating', 0.001, 5, 3, 1)",201.4,45.69857765839108
"('q_value_sampling', 'moment_updating', 0.0001, 2, 0.01, 1)",191.6,52.88931839228031
"('q_value_sampling', 'moment_updating', 0.0001, 2, 0.05, 1)",215.6,54.27338205787437
"('q_value_sampling', 'moment_updating', 0.0001, 2, 0.1, 1)",235.52,71.79811696695116
"('q_value_sampling', 'moment_updating', 0.0001, 2, 0.25, 1)",232.4,54.364694425702424
"('q_value_sampling', 'moment_updating', 0.0001, 2, 0.5, 1)",232.24,57.79361902494081
"('q_value_sampling', 'moment_updating', 0.0001, 2, 0.75, 1)",245.08,65.82061683089881
"('q_value_sampling', 'moment_updating', 0.0001, 2, 1, 1)",264.84,69.5380068739391
"('q_value_sampling', 'moment_updating', 0.0001, 2, 1.5, 1)",268.64,73.2419988804238
"('q_value_sampling', 'moment_updating', 0.0001, 2, 2, 1)",260.04,66.2679288947527
"('q_value_sampling', 'moment_updating', 0.0001, 2, 3, 1)",281.04,65.44400965711071
"('q_value_sampling', 'moment_updating', 0.0001, 1.1, 0.01, 1)",233.72,61.42443813336838
"('q_value_sampling', 'moment_updating', 0.0001, 1.1, 0.05, 1)",251.8,60.25578810371665
"('q_value_sampling', 'moment_updating', 0.0001, 1.1, 0.1, 1)",291.68,65.62238642414646
"('q_value_sampling', 'moment_updating', 0.0001, 1.1, 0.25, 1)",277.16,63.04676359655585
"('q_value_sampling', 'moment_updating', 0.0001, 1.1, 0.5, 1)",271.76,66.62809017223891
"('q_value_sampling', 'moment_updating', 0.0001, 1.1, 0.75, 1)",261.56,64.86452343153383
"('q_value_sampling', 'moment_updating', 0.0001, 1.1, 1, 1)",279.0,56.75808312478497
"('q_value_sampling', 'moment_updating', 0.0001, 1.1, 1.5, 1)",262.36,58.43928815445992
"('q_value_sampling', 'moment_updating', 0.0001, 1.1, 2, 1)",267.04,60.32344817730498
"('q_value_sampling', 'moment_updating', 0.0001, 1.1, 3, 1)",258.32,55.03505791765827
"('q_value_sampling', 'moment_updating', 0.0001, 1.01, 0.01, 1)",277.44,72.82751128522793
"('q_value_sampling', 'moment_updating', 0.0001, 1.01, 0.05, 1)",266.32,61.09187834728934
"('q_value_sampling', 'moment_updating', 0.0001, 1.01, 0.1, 1)",255.04,58.60408176910546
"('q_value_sampling', 'moment_updating', 0.0001, 1.01, 0.25, 1)",266.64,60.73212000251596
"('q_value_sampling', 'moment_updating', 0.0001, 1.01, 0.5, 1)",252.88,73.76845938475331
"('q_value_sampling', 'moment_updating', 0.0001, 1.01, 0.75, 1)",228.84,59.843916984101234
"('q_value_sampling', 'moment_updating', 0.0001, 1.01, 1, 1)",210.08,51.69287765253546
"('q_value_sampling', 'moment_updating', 0.0001, 1.01, 1.5, 1)",202.24,55.27478991366678
"('q_value_sampling', 'moment_updating', 0.0001, 1.01, 2, 1)",175.12,42.43425031740281
"('q_value_sampling', 'moment_updating', 0.0001, 1.01, 3, 1)",169.48,34.87304976625933
"('q_value_sampling', 'moment_updating', 0.0001, 1.001, 0.01, 1)",265.44,73.16943624219064
"('q_value_sampling', 'moment_updating', 0.0001, 1.001, 0.05, 1)",257.44,63.631489060055785
"('q_value_sampling', 'moment_updating', 0.0001, 1.001, 0.1, 1)",209.32,62.065268870762175
"('q_value_sampling', 'moment_updating', 0.0001, 1.001, 0.25, 1)",179.64,42.00131426515127
"('q_value_sampling', 'moment_updating', 0.0001, 1.001, 0.5, 1)",157.88,34.66274080334675
"('q_value_sampling', 'moment_updating', 0.0001, 1.001, 0.75, 1)",149.84,29.71555821451113
"('q_value_sampling', 'moment_updating', 0.0001, 1.001, 1, 1)",144.84,29.046418023570478
"('q_value_sampling', 'moment_updating', 0.0001, 1.001, 1.5, 1)",142.12,24.51256004582141
"('q_value_sampling', 'moment_updating', 0.0001, 1.001, 2, 1)",139.6,23.613555429032708
"('q_value_sampling', 'moment_updating', 0.0001, 1.001, 3, 1)",141.08,24.567327897026164
"('q_value_sampling', 'moment_updating', 0.0001, 1.0001, 0.01, 1)",206.32,60.54863830013025
"('q_value_sampling', 'moment_updating', 0.0001, 1.0001, 0.05, 1)",160.12,34.41955258279805
"('q_value_sampling', 'moment_updating', 0.0001, 1.0001, 0.1, 1)",145.84,31.179069902740846
"('q_value_sampling', 'moment_updating', 0.0001, 1.0001, 0.25, 1)",142.32,26.555180285586466
"('q_value_sampling', 'moment_updating', 0.0001, 1.0001, 0.5, 1)",139.24,24.79641909631308
"('q_value_sampling', 'moment_updating', 0.0001, 1.0001, 0.75, 1)",133.56,21.593665737896377
"('q_value_sampling', 'moment_updating', 0.0001, 1.0001, 1, 1)",134.52,24.175392447693586
"('q_value_sampling', 'moment_updating', 0.0001, 1.0001, 1.5, 1)",134.12,22.344252057296526
"('q_value_sampling', 'moment_updating', 0.0001, 1.0001, 2, 1)",132.4,20.32141727340886
"('q_value_sampling', 'moment_updating', 0.0001, 1.0001, 3, 1)",131.32,19.152482867764167
"('q_value_sampling', 'moment_updating', 0.0001, 1.25, 0.01, 1)",221.6,52.63914892929025
"('q_value_sampling', 'moment_updating', 0.0001, 1.25, 0.05, 1)",227.56,61.56140349277297
"('q_value_sampling', 'moment_updating', 0.0001, 1.25, 0.1, 1)",254.32,61.54329857913045
"('q_value_sampling', 'moment_updating', 0.0001, 1.25, 0.25, 1)",266.04,61.42115596437436
"('q_value_sampling', 'moment_updating', 0.0001, 1.25, 0.5, 1)",260.44,59.821454345410224
"('q_value_sampling', 'moment_updating', 0.0001, 1.25, 0.75, 1)",280.76,71.3558855316084
"('q_value_sampling', 'moment_updating', 0.0001, 1.25, 1, 1)",273.72,66.839521243049
"('q_value_sampling', 'moment_updating', 0.0001, 1.25, 1.5, 1)",281.48,58.054884376768854
"('q_value_sampling', 'moment_updating', 0.0001, 1.25, 2, 1)",275.12,64.5106626845516
"('q_value_sampling', 'moment_updating', 0.0001, 1.25, 3, 1)",277.28,67.73921759217477
"('q_value_sampling', 'moment_updating', 0.0001, 1.5, 0.01, 1)",225.84,66.1717039224471
"('q_value_sampling', 'moment_updating', 0.0001, 1.5, 0.05, 1)",217.76,59.028996264547814
"('q_value_sampling', 'moment_updating', 0.0001, 1.5, 0.1, 1)",241.52,71.28933721111454
"('q_value_sampling', 'moment_updating', 0.0001, 1.5, 0.25, 1)",249.08,70.09617393267624
"('q_value_sampling', 'moment_updating', 0.0001, 1.5, 0.5, 1)",268.36,74.9791330971491
"('q_value_sampling', 'moment_updating', 0.0001, 1.5, 0.75, 1)",270.76,64.70349604155868
"('q_value_sampling', 'moment_updating', 0.0001, 1.5, 1, 1)",283.84,62.15315277602578
"('q_value_sampling', 'moment_updating', 0.0001, 1.5, 1.5, 1)",272.4,50.30626203565516
"('q_value_sampling', 'moment_updating', 0.0001, 1.5, 2, 1)",278.56,63.95253239708339
"('q_value_sampling', 'moment_updating', 0.0001, 1.5, 3, 1)",286.08,67.27491062795995
"('q_value_sampling', 'moment_updating', 0.0001, 1.75, 0.01, 1)",196.84,51.912372321056566
"('q_value_sampling', 'moment_updating', 0.0001, 1.75, 0.05, 1)",219.68,65.89004173621383
"('q_value_sampling', 'moment_updating', 0.0001, 1.75, 0.1, 1)",220.24,52.76762643894455
"('q_value_sampling', 'moment_updating', 0.0001, 1.75, 0.25, 1)",241.88,73.59935869285817
"('q_value_sampling', 'moment_updating', 0.0001, 1.75, 0.5, 1)",252.56,71.0999746835398
"('q_value_sampling', 'moment_updating', 0.0001, 1.75, 0.75, 1)",263.84,63.037563404687525
"('q_value_sampling', 'moment_updating', 0.0001, 1.75, 1, 1)",271.64,65.86615519369565
"('q_value_sampling', 'moment_updating', 0.0001, 1.75, 1.5, 1)",269.36,71.83919821378855
"('q_value_sampling', 'moment_updating', 0.0001, 1.75, 2, 1)",266.48,63.88184092525825
"('q_value_sampling', 'moment_updating', 0.0001, 1.75, 3, 1)",280.6,60.49429725188978
"('q_value_sampling', 'moment_updating', 0.0001, 2, 0.01, 1)",191.6,52.88931839228031
"('q_value_sampling', 'moment_updating', 0.0001, 2, 0.05, 1)",215.6,54.27338205787437
"('q_value_sampling', 'moment_updating', 0.0001, 2, 0.1, 1)",235.52,71.79811696695116
"('q_value_sampling', 'moment_updating', 0.0001, 2, 0.25, 1)",232.4,54.364694425702424
"('q_value_sampling', 'moment_updating', 0.0001, 2, 0.5, 1)",232.24,57.79361902494081
"('q_value_sampling', 'moment_updating', 0.0001, 2, 0.75, 1)",245.08,65.82061683089881
"('q_value_sampling', 'moment_updating', 0.0001, 2, 1, 1)",264.84,69.5380068739391
"('q_value_sampling', 'moment_updating', 0.0001, 2, 1.5, 1)",268.64,73.2419988804238
"('q_value_sampling', 'moment_updating', 0.0001, 2, 2, 1)",260.04,66.2679288947527
"('q_value_sampling', 'moment_updating', 0.0001, 2, 3, 1)",281.04,65.44400965711071
"('q_value_sampling', 'moment_updating', 0.0001, 5, 0.01, 1)",175.72,26.427288926410895
"('q_value_sampling', 'moment_updating', 0.0001, 5, 0.05, 1)",175.12,34.007434481301296
"('q_value_sampling', 'moment_updating', 0.0001, 5, 0.1, 1)",181.28,32.38458892745128
"('q_value_sampling', 'moment_updating', 0.0001, 5, 0.25, 1)",199.88,42.483709819176575
"('q_value_sampling', 'moment_updating', 0.0001, 5, 0.5, 1)",210.92,51.595674237284655
"('q_value_sampling', 'moment_updating', 0.0001, 5, 0.75, 1)",221.56,60.692391615424086
"('q_value_sampling', 'moment_updating', 0.0001, 5, 1, 1)",226.92,65.98328273131007
"('q_value_sampling', 'moment_updating', 0.0001, 5, 1.5, 1)",230.0,60.83946087861069
"('q_value_sampling', 'moment_updating', 0.0001, 5, 2, 1)",235.16,65.37166358599114
"('q_value_sampling', 'moment_updating', 0.0001, 5, 3, 1)",251.56,63.956597783184186
"('q_value_sampling', 'moment_updating', 0.25, 2, 0.01, 1)",145.96,34.52417124276845
"('q_value_sampling', 'moment_updating', 0.25, 2, 0.05, 1)",149.88,37.00683180170926
"('q_value_sampling', 'moment_updating', 0.25, 2, 0.1, 1)",155.84,35.50513202341318
"('q_value_sampling', 'moment_updating', 0.25, 2, 0.25, 1)",160.8,34.73326935374786
"('q_value_sampling', 'moment_updating', 0.25, 2, 0.5, 1)",162.12,52.42809933613844
"('q_value_sampling', 'moment_updating', 0.25, 2, 0.75, 1)",154.68,34.331583126911
"('q_value_sampling', 'moment_updating', 0.25, 2, 1, 1)",160.24,38.35338837703913
"('q_value_sampling', 'moment_updating', 0.25, 2, 1.5, 1)",160.08,37.386543033556876
"('q_value_sampling', 'moment_updating', 0.25, 2, 2, 1)",162.84,46.59800854113832
"('q_value_sampling', 'moment_updating', 0.25, 2, 3, 1)",159.52,32.781848636097386
"('q_value_sampling', 'moment_updating', 0.25, 1.1, 0.01, 1)",153.68,28.770429263394732
"('q_value_sampling', 'moment_updating', 0.25, 1.1, 0.05, 1)",161.12,52.915268118001634
"('q_value_sampling', 'moment_updating', 0.25, 1.1, 0.1, 1)",170.68,59.179199048314274
"('q_value_sampling', 'moment_updating', 0.25, 1.1, 0.25, 1)",202.2,64.69281258377936
"('q_value_sampling', 'moment_updating', 0.25, 1.1, 0.5, 1)",196.84,74.03576433049098
"('q_value_sampling', 'moment_updating', 0.25, 1.1, 0.75, 1)",193.64,44.07754984116064
"('q_value_sampling', 'moment_updating', 0.25, 1.1, 1, 1)",197.0,54.747785343336034
"('q_value_sampling', 'moment_updating', 0.25, 1.1, 1.5, 1)",205.36,54.23274287734302
"('q_value_sampling', 'moment_updating', 0.25, 1.1, 2, 1)",203.2,54.76641306494337
"('q_value_sampling', 'moment_updating', 0.25, 1.1, 3, 1)",205.24,50.19145744048483
"('q_value_sampling', 'moment_updating', 0.25, 1.01, 0.01, 1)",163.4,60.132187720055555
"('q_value_sampling', 'moment_updating', 0.25, 1.01, 0.05, 1)",172.52,58.86637070518277
"('q_value_sampling', 'moment_updating', 0.25, 1.01, 0.1, 1)",192.92,53.00899546303438
"('q_value_sampling', 'moment_updating', 0.25, 1.01, 0.25, 1)",202.24,52.27563868572053
"('q_value_sampling', 'moment_updating', 0.25, 1.01, 0.5, 1)",209.0,54.898087398378465
"('q_value_sampling', 'moment_updating', 0.25, 1.01, 0.75, 1)",211.96,65.7187827032729
"('q_value_sampling', 'moment_updating', 0.25, 1.01, 1, 1)",236.24,76.67452249606775
"('q_value_sampling', 'moment_updating', 0.25, 1.01, 1.5, 1)",236.12,71.72325703703088
"('q_value_sampling', 'moment_updating', 0.25, 1.01, 2, 1)",223.08,59.11914749047046
"('q_value_sampling', 'moment_updating', 0.25, 1.01, 3, 1)",244.36,82.10304744648643
"('q_value_sampling', 'moment_updating', 0.25, 1.001, 0.01, 1)",181.68,47.27343440030563
"('q_value_sampling', 'moment_updating', 0.25, 1.001, 0.05, 1)",200.72,59.88089511689016
"('q_value_sampling', 'moment_updating', 0.25, 1.001, 0.1, 1)",231.96,69.6649007750675
"('q_value_sampling', 'moment_updating', 0.25, 1.001, 0.25, 1)",223.04,58.44414769675404
"('q_value_sampling', 'moment_updating', 0.25, 1.001, 0.5, 1)",229.4,54.759474066137635
"('q_value_sampling', 'moment_updating', 0.25, 1.001, 0.75, 1)",251.08,72.14896811458914
"('q_value_sampling', 'moment_updating', 0.25, 1.001, 1, 1)",242.12,67.55313168166225
"('q_value_sampling', 'moment_updating', 0.25, 1.001, 1.5, 1)",253.56,62.5591432166394
"('q_value_sampling', 'moment_updating', 0.25, 1.001, 2, 1)",276.36,83.41672733930528
"('q_value_sampling', 'moment_updating', 0.25, 1.001, 3, 1)",272.4,67.35339635088938
"('q_value_sampling', 'moment_updating', 0.25, 1.0001, 0.01, 1)",218.68,58.73276428025502
"('q_value_sampling', 'moment_updating', 0.25, 1.0001, 0.05, 1)",240.68,65.53485790020453
"('q_value_sampling', 'moment_updating', 0.25, 1.0001, 0.1, 1)",248.8,72.11213490113852
"('q_value_sampling', 'moment_updating', 0.25, 1.0001, 0.25, 1)",264.52,64.18698933584594
"('q_value_sampling', 'moment_updating', 0.25, 1.0001, 0.5, 1)",262.04,44.63449786880099
"('q_value_sampling', 'moment_updating', 0.25, 1.0001, 0.75, 1)",273.08,64.70512808116526
"('q_value_sampling', 'moment_updating', 0.25, 1.0001, 1, 1)",279.32,59.30343666264207
"('q_value_sampling', 'moment_updating', 0.25, 1.0001, 1.5, 1)",281.04,69.43456199905059
"('q_value_sampling', 'moment_updating', 0.25, 1.0001, 2, 1)",277.96,84.52548964661489
"('q_value_sampling', 'moment_updating', 0.25, 1.0001, 3, 1)",271.24,65.19127548989972
"('q_value_sampling', 'moment_updating', 0.25, 1.25, 0.01, 1)",154.12,47.57042778870083
"('q_value_sampling', 'moment_updating', 0.25, 1.25, 0.05, 1)",150.16,41.86423772147297
"('q_value_sampling', 'moment_updating', 0.25, 1.25, 0.1, 1)",174.68,68.00659967973696
"('q_value_sampling', 'moment_updating', 0.25, 1.25, 0.25, 1)",164.32,43.438895013570495
"('q_value_sampling', 'moment_updating', 0.25, 1.25, 0.5, 1)",186.68,69.50293231224133
"('q_value_sampling', 'moment_updating', 0.25, 1.25, 0.75, 1)",179.36,44.67740368463682
"('q_value_sampling', 'moment_updating', 0.25, 1.25, 1, 1)",187.92,56.63067719884691
"('q_value_sampling', 'moment_updating', 0.25, 1.25, 1.5, 1)",196.56,66.14292403575759
"('q_value_sampling', 'moment_updating', 0.25, 1.25, 2, 1)",195.8,55.881660676826705
"('q_value_sampling', 'moment_updating', 0.25, 1.25, 3, 1)",192.44,51.16606688030652
"('q_value_sampling', 'moment_updating', 0.25, 1.5, 0.01, 1)",159.76,33.88838148982627
"('q_value_sampling', 'moment_updating', 0.25, 1.5, 0.05, 1)",158.4,33.3394661025038
"('q_value_sampling', 'moment_updating', 0.25, 1.5, 0.1, 1)",151.4,40.59802950883208
"('q_value_sampling', 'moment_updating', 0.25, 1.5, 0.25, 1)",165.64,56.193508521892454
"('q_value_sampling', 'moment_updating', 0.25, 1.5, 0.5, 1)",156.68,39.977213509698245
"('q_value_sampling', 'moment_updating', 0.25, 1.5, 0.75, 1)",164.28,45.73665488423919
"('q_value_sampling', 'moment_updating', 0.25, 1.5, 1, 1)",168.56,45.13630910918614
"('q_value_sampling', 'moment_updating', 0.25, 1.5, 1.5, 1)",186.68,62.20689350867796
"('q_value_sampling', 'moment_updating', 0.25, 1.5, 2, 1)",188.76,73.37344478760691
"('q_value_sampling', 'moment_updating', 0.25, 1.5, 3, 1)",185.96,55.03815403881202
"('q_value_sampling', 'moment_updating', 0.25, 1.75, 0.01, 1)",150.88,49.540545011132046
"('q_value_sampling', 'moment_updating', 0.25, 1.75, 0.05, 1)",160.0,33.289037234501095
"('q_value_sampling', 'moment_updating', 0.25, 1.75, 0.1, 1)",159.8,33.450261583431605
"('q_value_sampling', 'moment_updating', 0.25, 1.75, 0.25, 1)",150.2,37.92888081660201
"('q_value_sampling', 'moment_updating', 0.25, 1.75, 0.5, 1)",162.56,47.77286258954973
"('q_value_sampling', 'moment_updating', 0.25, 1.75, 0.75, 1)",162.8,42.98092600212332
"('q_value_sampling', 'moment_updating', 0.25, 1.75, 1, 1)",169.76,41.14489518761714
"('q_value_sampling', 'moment_updating', 0.25, 1.75, 1.5, 1)",186.6,64.41645752445565
"('q_value_sampling', 'moment_updating', 0.25, 1.75, 2, 1)",174.52,45.839389175686016
"('q_value_sampling', 'moment_updating', 0.25, 1.75, 3, 1)",182.24,41.63967338968931
"('q_value_sampling', 'moment_updating', 0.25, 2, 0.01, 1)",145.96,34.52417124276845
"('q_value_sampling', 'moment_updating', 0.25, 2, 0.05, 1)",149.88,37.00683180170926
"('q_value_sampling', 'moment_updating', 0.25, 2, 0.1, 1)",155.84,35.50513202341318
"('q_value_sampling', 'moment_updating', 0.25, 2, 0.25, 1)",160.8,34.73326935374786
"('q_value_sampling', 'moment_updating', 0.25, 2, 0.5, 1)",162.12,52.42809933613844
"('q_value_sampling', 'moment_updating', 0.25, 2, 0.75, 1)",154.68,34.331583126911
"('q_value_sampling', 'moment_updating', 0.25, 2, 1, 1)",160.24,38.35338837703913
"('q_value_sampling', 'moment_updating', 0.25, 2, 1.5, 1)",160.08,37.386543033556876
"('q_value_sampling', 'moment_updating', 0.25, 2, 2, 1)",162.84,46.59800854113832
"('q_value_sampling', 'moment_updating', 0.25, 2, 3, 1)",159.52,32.781848636097386
"('q_value_sampling', 'moment_updating', 0.25, 5, 0.01, 1)",157.84,50.356870434926755
"('q_value_sampling', 'moment_updating', 0.25, 5, 0.05, 1)",157.72,50.33489445702653
"('q_value_sampling', 'moment_updating', 0.25, 5, 0.1, 1)",153.68,44.258079488382684
"('q_value_sampling', 'moment_updating', 0.25, 5, 0.25, 1)",152.32,39.74993836473209
"('q_value_sampling', 'moment_updating', 0.25, 5, 0.5, 1)",151.44,28.727798384143536
"('q_value_sampling', 'moment_updating', 0.25, 5, 0.75, 1)",157.12,25.459489390009377
"('q_value_sampling', 'moment_updating', 0.25, 5, 1, 1)",159.24,22.743403439239255
"('q_value_sampling', 'moment_updating', 0.25, 5, 1.5, 1)",163.52,30.92069856908152
"('q_value_sampling', 'moment_updating', 0.25, 5, 2, 1)",169.92,35.19081698398035
"('q_value_sampling', 'moment_updating', 0.25, 5, 3, 1)",167.92,37.34372236400651
"('q_value_sampling', 'moment_updating', 0.5, 2, 0.01, 1)",142.28,33.23374188983239
"('q_value_sampling', 'moment_updating', 0.5, 2, 0.05, 1)",151.56,45.62681667616096
"('q_value_sampling', 'moment_updating', 0.5, 2, 0.1, 1)",152.96,38.14339261261379
"('q_value_sampling', 'moment_updating', 0.5, 2, 0.25, 1)",161.08,34.258336211789384
"('q_value_sampling', 'moment_updating', 0.5, 2, 0.5, 1)",171.24,40.09367032338147
"('q_value_sampling', 'moment_updating', 0.5, 2, 0.75, 1)",160.36,60.24442214844458
"('q_value_sampling', 'moment_updating', 0.5, 2, 1, 1)",163.76,58.93133631608909
"('q_value_sampling', 'moment_updating', 0.5, 2, 1.5, 1)",160.48,25.601749940189634
"('q_value_sampling', 'moment_updating', 0.5, 2, 2, 1)",161.2,41.50180718956706
"('q_value_sampling', 'moment_updating', 0.5, 2, 3, 1)",160.88,31.44305328685495
"('q_value_sampling', 'moment_updating', 0.5, 1.1, 0.01, 1)",165.96,45.241556118241554
"('q_value_sampling', 'moment_updating', 0.5, 1.1, 0.05, 1)",158.68,39.32553368995772
"('q_value_sampling', 'moment_updating', 0.5, 1.1, 0.1, 1)",160.16,52.801272711933755
"('q_value_sampling', 'moment_updating', 0.5, 1.1, 0.25, 1)",190.68,92.46544003031619
"('q_value_sampling', 'moment_updating', 0.5, 1.1, 0.5, 1)",183.92,70.38631685207005
"('q_value_sampling', 'moment_updating', 0.5, 1.1, 0.75, 1)",190.92,63.923967336203404
"('q_value_sampling', 'moment_updating', 0.5, 1.1, 1, 1)",185.0,52.83672964898565
"('q_value_sampling', 'moment_updating', 0.5, 1.1, 1.5, 1)",192.76,42.37148097482551
"('q_value_sampling', 'moment_updating', 0.5, 1.1, 2, 1)",195.08,41.14600345112511
"('q_value_sampling', 'moment_updating', 0.5, 1.1, 3, 1)",210.36,62.72312492215292
"('q_value_sampling', 'moment_updating', 0.5, 1.01, 0.01, 1)",167.36,42.00655186991668
"('q_value_sampling', 'moment_updating', 0.5, 1.01, 0.05, 1)",165.12,43.39799073689933
"('q_value_sampling', 'moment_updating', 0.5, 1.01, 0.1, 1)",171.2,47.730912415331005
"('q_value_sampling', 'moment_updating', 0.5, 1.01, 0.25, 1)",196.6,46.55190651305272
"('q_value_sampling', 'moment_updating', 0.5, 1.01, 0.5, 1)",204.6,65.23833229014978
"('q_value_sampling', 'moment_updating', 0.5, 1.01, 0.75, 1)",197.44,41.426638772654485
"('q_value_sampling', 'moment_updating', 0.5, 1.01, 1, 1)",201.0,48.63126566315131
"('q_value_sampling', 'moment_updating', 0.5, 1.01, 1.5, 1)",202.76,37.84577123008593
"('q_value_sampling', 'moment_updating', 0.5, 1.01, 2, 1)",213.28,45.71872264182367
"('q_value_sampling', 'moment_updating', 0.5, 1.01, 3, 1)",216.04,56.50414498070031
"('q_value_sampling', 'moment_updating', 0.5, 1.001, 0.01, 1)",169.04,52.78824111485436
"('q_value_sampling', 'moment_updating', 0.5, 1.001, 0.05, 1)",192.16,49.88601407208237
"('q_value_sampling', 'moment_updating', 0.5, 1.001, 0.1, 1)",211.72,62.608638381616316
"('q_value_sampling', 'moment_updating', 0.5, 1.001, 0.25, 1)",215.16,47.91173551438103
"('q_value_sampling', 'moment_updating', 0.5, 1.001, 0.5, 1)",216.32,47.865411311300775
"('q_value_sampling', 'moment_updating', 0.5, 1.001, 0.75, 1)",224.12,60.94510316670241
"('q_value_sampling', 'moment_updating', 0.5, 1.001, 1, 1)",235.28,63.08820491977878
"('q_value_sampling', 'moment_updating', 0.5, 1.001, 1.5, 1)",237.28,53.99964444327388
"('q_value_sampling', 'moment_updating', 0.5, 1.001, 2, 1)",248.84,67.07618355273353
"('q_value_sampling', 'moment_updating', 0.5, 1.001, 3, 1)",263.88,78.12339982361239
"('q_value_sampling', 'moment_updating', 0.5, 1.0001, 0.01, 1)",202.64,58.541527140996244
"('q_value_sampling', 'moment_updating', 0.5, 1.0001, 0.05, 1)",219.52,51.994707422967586
"('q_value_sampling', 'moment_updating', 0.5, 1.0001, 0.1, 1)",230.56,59.309412406463785
"('q_value_sampling', 'moment_updating', 0.5, 1.0001, 0.25, 1)",265.08,64.11515889397764
"('q_value_sampling', 'moment_updating', 0.5, 1.0001, 0.5, 1)",265.68,69.85053757846104
"('q_value_sampling', 'moment_updating', 0.5, 1.0001, 0.75, 1)",275.36,65.95688288571557
"('q_value_sampling', 'moment_updating', 0.5, 1.0001, 1, 1)",275.68,66.56288455287977
"('q_value_sampling', 'moment_updating', 0.5, 1.0001, 1.5, 1)",251.8,51.007842534261336
"('q_value_sampling', 'moment_updating', 0.5, 1.0001, 2, 1)",275.6,77.86449768668646
"('q_value_sampling', 'moment_updating', 0.5, 1.0001, 3, 1)",269.68,55.576052396693306
"('q_value_sampling', 'moment_updating', 0.5, 1.25, 0.01, 1)",155.72,41.13589187072525
"('q_value_sampling', 'moment_updating', 0.5, 1.25, 0.05, 1)",158.2,38.668333297415344
"('q_value_sampling', 'moment_updating', 0.5, 1.25, 0.1, 1)",155.72,40.80786198761214
"('q_value_sampling', 'moment_updating', 0.5, 1.25, 0.25, 1)",161.96,59.007104656981774
"('q_value_sampling', 'moment_updating', 0.5, 1.25, 0.5, 1)",170.76,63.22137613181162
"('q_value_sampling', 'moment_updating', 0.5, 1.25, 0.75, 1)",181.44,52.1720844896962
"('q_value_sampling', 'moment_updating', 0.5, 1.25, 1, 1)",177.6,43.45112196480086
"('q_value_sampling', 'moment_updating', 0.5, 1.25, 1.5, 1)",179.6,49.393116929386025
"('q_value_sampling', 'moment_updating', 0.5, 1.25, 2, 1)",192.32,64.60880435358636
"('q_value_sampling', 'moment_updating', 0.5, 1.25, 3, 1)",182.16,35.79461412000414
"('q_value_sampling', 'moment_updating', 0.5, 1.5, 0.01, 1)",153.12,31.476111576876836
"('q_value_sampling', 'moment_updating', 0.5, 1.5, 0.05, 1)",152.24,34.17751307512002
"('q_value_sampling', 'moment_updating', 0.5, 1.5, 0.1, 1)",160.72,33.782267537866666
"('q_value_sampling', 'moment_updating', 0.5, 1.5, 0.25, 1)",161.28,47.7003312357472
"('q_value_sampling', 'moment_updating', 0.5, 1.5, 0.5, 1)",160.24,48.32
"('q_value_sampling', 'moment_updating', 0.5, 1.5, 0.75, 1)",157.28,45.56798876404356
"('q_value_sampling', 'moment_updating', 0.5, 1.5, 1, 1)",156.08,49.47881971106425
"('q_value_sampling', 'moment_updating', 0.5, 1.5, 1.5, 1)",178.44,64.31707704801269
"('q_value_sampling', 'moment_updating', 0.5, 1.5, 2, 1)",173.44,51.52093166859466
"('q_value_sampling', 'moment_updating', 0.5, 1.5, 3, 1)",196.92,72.6627387317599
"('q_value_sampling', 'moment_updating', 0.5, 1.75, 0.01, 1)",143.36,33.061010268895295
"('q_value_sampling', 'moment_updating', 0.5, 1.75, 0.05, 1)",147.2,33.95526468752673
"('q_value_sampling', 'moment_updating', 0.5, 1.75, 0.1, 1)",157.92,31.233213091195083
"('q_value_sampling', 'moment_updating', 0.5, 1.75, 0.25, 1)",160.12,26.49199124263784
"('q_value_sampling', 'moment_updating', 0.5, 1.75, 0.5, 1)",158.4,34.46737587922817
"('q_value_sampling', 'moment_updating', 0.5, 1.75, 0.75, 1)",158.36,34.55706006013822
"('q_value_sampling', 'moment_updating', 0.5, 1.75, 1, 1)",160.72,41.50519967425768
"('q_value_sampling', 'moment_updating', 0.5, 1.75, 1.5, 1)",173.56,57.13323376109565
"('q_value_sampling', 'moment_updating', 0.5, 1.75, 2, 1)",173.68,50.34816381954758
"('q_value_sampling', 'moment_updating', 0.5, 1.75, 3, 1)",177.0,47.12069608993484
"('q_value_sampling', 'moment_updating', 0.5, 2, 0.01, 1)",142.28,33.23374188983239
"('q_value_sampling', 'moment_updating', 0.5, 2, 0.05, 1)",151.56,45.62681667616096
"('q_value_sampling', 'moment_updating', 0.5, 2, 0.1, 1)",152.96,38.14339261261379
"('q_value_sampling', 'moment_updating', 0.5, 2, 0.25, 1)",161.08,34.258336211789384
"('q_value_sampling', 'moment_updating', 0.5, 2, 0.5, 1)",171.24,40.09367032338147
"('q_value_sampling', 'moment_updating', 0.5, 2, 0.75, 1)",160.36,60.24442214844458
"('q_value_sampling', 'moment_updating', 0.5, 2, 1, 1)",163.76,58.93133631608909
"('q_value_sampling', 'moment_updating', 0.5, 2, 1.5, 1)",160.48,25.601749940189634
"('q_value_sampling', 'moment_updating', 0.5, 2, 2, 1)",161.2,41.50180718956706
"('q_value_sampling', 'moment_updating', 0.5, 2, 3, 1)",160.88,31.44305328685495
"('q_value_sampling', 'moment_updating', 0.5, 5, 0.01, 1)",157.72,50.48248805278915
"('q_value_sampling', 'moment_updating', 0.5, 5, 0.05, 1)",158.08,50.433258867537006
"('q_value_sampling', 'moment_updating', 0.5, 5, 0.1, 1)",153.0,44.152916098486635
"('q_value_sampling', 'moment_updating', 0.5, 5, 0.25, 1)",154.16,44.101410408285126
"('q_value_sampling', 'moment_updating', 0.5, 5, 0.5, 1)",151.28,39.59749487025663
"('q_value_sampling', 'moment_updating', 0.5, 5, 0.75, 1)",150.72,28.62379429775165
"('q_value_sampling', 'moment_updating', 0.5, 5, 1, 1)",154.16,28.161931751923554
"('q_value_sampling', 'moment_updating', 0.5, 5, 1.5, 1)",155.08,28.504624186261427
"('q_value_sampling', 'moment_updating', 0.5, 5, 2, 1)",166.24,29.37383870044908
"('q_value_sampling', 'moment_updating', 0.5, 5, 3, 1)",170.0,38.54348193923325
"('q_value_sampling', 'moment_updating', 0.75, 2, 0.01, 1)",148.52,44.679856758946755
"('q_value_sampling', 'moment_updating', 0.75, 2, 0.05, 1)",155.56,47.24115155243361
"('q_value_sampling', 'moment_updating', 0.75, 2, 0.1, 1)",155.28,46.67634947165427
"('q_value_sampling', 'moment_updating', 0.75, 2, 0.25, 1)",162.12,34.176974705201744
"('q_value_sampling', 'moment_updating', 0.75, 2, 0.5, 1)",164.32,26.379871114165812
"('q_value_sampling', 'moment_updating', 0.75, 2, 0.75, 1)",165.88,26.594465589667333
"('q_value_sampling', 'moment_updating', 0.75, 2, 1, 1)",157.28,29.712650504456853
"('q_value_sampling', 'moment_updating', 0.75, 2, 1.5, 1)",155.64,33.70861017603663
"('q_value_sampling', 'moment_updating', 0.75, 2, 2, 1)",160.08,34.61782199965792
"('q_value_sampling', 'moment_updating', 0.75, 2, 3, 1)",161.4,37.54517279225121
"('q_value_sampling', 'moment_updating', 0.75, 1.1, 0.01, 1)",167.2,48.480924083602204
"('q_value_sampling', 'moment_updating', 0.75, 1.1, 0.05, 1)",155.16,32.375521617419544
"('q_value_sampling', 'moment_updating', 0.75, 1.1, 0.1, 1)",157.12,40.23562600482314
"('q_value_sampling', 'moment_updating', 0.75, 1.1, 0.25, 1)",177.08,58.450950377217985
"('q_value_sampling', 'moment_updating', 0.75, 1.1, 0.5, 1)",170.76,55.785144976059705
"('q_value_sampling', 'moment_updating', 0.75, 1.1, 0.75, 1)",179.56,48.79391765374041
"('q_value_sampling', 'moment_updating', 0.75, 1.1, 1, 1)",176.96,38.375492179254195
"('q_value_sampling', 'moment_updating', 0.75, 1.1, 1.5, 1)",183.88,42.415864956405166
"('q_value_sampling', 'moment_updating', 0.75, 1.1, 2, 1)",183.56,33.428825884257435
"('q_value_sampling', 'moment_updating', 0.75, 1.1, 3, 1)",200.76,49.77371193712601
"('q_value_sampling', 'moment_updating', 0.75, 1.01, 0.01, 1)",166.84,47.96513733953026
"('q_value_sampling', 'moment_updating', 0.75, 1.01, 0.05, 1)",172.64,46.67065887685752
"('q_value_sampling', 'moment_updating', 0.75, 1.01, 0.1, 1)",186.08,61.248294670137554
"('q_value_sampling', 'moment_updating', 0.75, 1.01, 0.25, 1)",200.72,66.69543912442589
"('q_value_sampling', 'moment_updating', 0.75, 1.01, 0.5, 1)",189.4,35.665669767999596
"('q_value_sampling', 'moment_updating', 0.75, 1.01, 0.75, 1)",208.56,59.67383346157677
"('q_value_sampling', 'moment_updating', 0.75, 1.01, 1, 1)",199.36,45.151194890058
"('q_value_sampling', 'moment_updating', 0.75, 1.01, 1.5, 1)",200.68,54.337626006295125
"('q_value_sampling', 'moment_updating', 0.75, 1.01, 2, 1)",198.84,39.23893984296722
"('q_value_sampling', 'moment_updating', 0.75, 1.01, 3, 1)",208.48,47.65133366444217
"('q_value_sampling', 'moment_updating', 0.75, 1.001, 0.01, 1)",174.16,60.91021589191751
"('q_value_sampling', 'moment_updating', 0.75, 1.001, 0.05, 1)",185.52,43.61386935368152
"('q_value_sampling', 'moment_updating', 0.75, 1.001, 0.1, 1)",193.4,40.43612246494463
"('q_value_sampling', 'moment_updating', 0.75, 1.001, 0.25, 1)",204.92,55.46777082234331
"('q_value_sampling', 'moment_updating', 0.75, 1.001, 0.5, 1)",226.48,70.61847916799115
"('q_value_sampling', 'moment_updating', 0.75, 1.001, 0.75, 1)",228.8,56.17401534517539
"('q_value_sampling', 'moment_updating', 0.75, 1.001, 1, 1)",206.48,44.15891303010073
"('q_value_sampling', 'moment_updating', 0.75, 1.001, 1.5, 1)",233.04,56.30238360851164
"('q_value_sampling', 'moment_updating', 0.75, 1.001, 2, 1)",235.36,53.17358742834642
"('q_value_sampling', 'moment_updating', 0.75, 1.001, 3, 1)",263.68,76.95022806983745
"('q_value_sampling', 'moment_updating', 0.75, 1.0001, 0.01, 1)",193.28,43.8903360661547
"('q_value_sampling', 'moment_updating', 0.75, 1.0001, 0.05, 1)",206.36,44.59002579052854
"('q_value_sampling', 'moment_updating', 0.75, 1.0001, 0.1, 1)",221.0,58.98237024738833
"('q_value_sampling', 'moment_updating', 0.75, 1.0001, 0.25, 1)",240.64,54.28287391065437
"('q_value_sampling', 'moment_updating', 0.75, 1.0001, 0.5, 1)",264.44,69.64629494811624
"('q_value_sampling', 'moment_updating', 0.75, 1.0001, 0.75, 1)",264.36,58.30360537736925
"('q_value_sampling', 'moment_updating', 0.75, 1.0001, 1, 1)",256.84,65.04163589578602
"('q_value_sampling', 'moment_updating', 0.75, 1.0001, 1.5, 1)",252.76,58.2159978012917
"('q_value_sampling', 'moment_updating', 0.75, 1.0001, 2, 1)",265.32,61.98272017264167
"('q_value_sampling', 'moment_updating', 0.75, 1.0001, 3, 1)",247.8,58.34140896481676
"('q_value_sampling', 'moment_updating', 0.75, 1.25, 0.01, 1)",161.48,57.02043142593714
"('q_value_sampling', 'moment_updating', 0.75, 1.25, 0.05, 1)",159.2,49.839743177508446
"('q_value_sampling', 'moment_updating', 0.75, 1.25, 0.1, 1)",166.44,51.67481398128105
"('q_value_sampling', 'moment_updating', 0.75, 1.25, 0.25, 1)",159.04,38.158071230081845
"('q_value_sampling', 'moment_updating', 0.75, 1.25, 0.5, 1)",160.96,52.01728943341819
"('q_value_sampling', 'moment_updating', 0.75, 1.25, 0.75, 1)",163.76,41.62622250457036
"('q_value_sampling', 'moment_updating', 0.75, 1.25, 1, 1)",176.72,48.64032894625611
"('q_value_sampling', 'moment_updating', 0.75, 1.25, 1.5, 1)",191.76,37.62263148691223
"('q_value_sampling', 'moment_updating', 0.75, 1.25, 2, 1)",181.8,44.22352315227723
"('q_value_sampling', 'moment_updating', 0.75, 1.25, 3, 1)",188.12,48.47830030023743
"('q_value_sampling', 'moment_updating', 0.75, 1.5, 0.01, 1)",152.0,30.196688560171626
"('q_value_sampling', 'moment_updating', 0.75, 1.5, 0.05, 1)",159.48,34.34136863900447
"('q_value_sampling', 'moment_updating', 0.75, 1.5, 0.1, 1)",161.48,32.43408084099193
"('q_value_sampling', 'moment_updating', 0.75, 1.5, 0.25, 1)",163.6,34.290523472236465
"('q_value_sampling', 'moment_updating', 0.75, 1.5, 0.5, 1)",157.64,37.84534845922283
"('q_value_sampling', 'moment_updating', 0.75, 1.5, 0.75, 1)",170.88,47.30692972493564
"('q_value_sampling', 'moment_updating', 0.75, 1.5, 1, 1)",166.2,37.9689346703328
"('q_value_sampling', 'moment_updating', 0.75, 1.5, 1.5, 1)",168.76,37.59551037025565
"('q_value_sampling', 'moment_updating', 0.75, 1.5, 2, 1)",174.52,41.91383542459458
"('q_value_sampling', 'moment_updating', 0.75, 1.5, 3, 1)",187.0,38.28158826381163
"('q_value_sampling', 'moment_updating', 0.75, 1.75, 0.01, 1)",145.88,32.08590968010724
"('q_value_sampling', 'moment_updating', 0.75, 1.75, 0.05, 1)",149.4,32.4450304361084
"('q_value_sampling', 'moment_updating', 0.75, 1.75, 0.1, 1)",157.2,29.691749695833018
"('q_value_sampling', 'moment_updating', 0.75, 1.75, 0.25, 1)",158.12,25.7166405270984
"('q_value_sampling', 'moment_updating', 0.75, 1.75, 0.5, 1)",158.92,34.31666650477578
"('q_value_sampling', 'moment_updating', 0.75, 1.75, 0.75, 1)",153.0,34.04291409383163
"('q_value_sampling', 'moment_updating', 0.75, 1.75, 1, 1)",163.44,33.34915890993355
"('q_value_sampling', 'moment_updating', 0.75, 1.75, 1.5, 1)",162.52,35.79454707074808
"('q_value_sampling', 'moment_updating', 0.75, 1.75, 2, 1)",167.76,30.219569818248576
"('q_value_sampling', 'moment_updating', 0.75, 1.75, 3, 1)",169.12,40.21971655792716
"('q_value_sampling', 'moment_updating', 0.75, 2, 0.01, 1)",148.52,44.679856758946755
"('q_value_sampling', 'moment_updating', 0.75, 2, 0.05, 1)",155.56,47.24115155243361
"('q_value_sampling', 'moment_updating', 0.75, 2, 0.1, 1)",155.28,46.67634947165427
"('q_value_sampling', 'moment_updating', 0.75, 2, 0.25, 1)",162.12,34.176974705201744
"('q_value_sampling', 'moment_updating', 0.75, 2, 0.5, 1)",164.32,26.379871114165812
"('q_value_sampling', 'moment_updating', 0.75, 2, 0.75, 1)",165.88,26.594465589667333
"('q_value_sampling', 'moment_updating', 0.75, 2, 1, 1)",157.28,29.712650504456853
"('q_value_sampling', 'moment_updating', 0.75, 2, 1.5, 1)",155.64,33.70861017603663
"('q_value_sampling', 'moment_updating', 0.75, 2, 2, 1)",160.08,34.61782199965792
"('q_value_sampling', 'moment_updating', 0.75, 2, 3, 1)",161.4,37.54517279225121
"('q_value_sampling', 'moment_updating', 0.75, 5, 0.01, 1)",156.24,50.429578622074565
"('q_value_sampling', 'moment_updating', 0.75, 5, 0.05, 1)",154.12,43.58974191251882
"('q_value_sampling', 'moment_updating', 0.75, 5, 0.1, 1)",153.68,43.350404842400266
"('q_value_sampling', 'moment_updating', 0.75, 5, 0.25, 1)",154.88,43.157682977657636
"('q_value_sampling', 'moment_updating', 0.75, 5, 0.5, 1)",148.28,30.196715053131193
"('q_value_sampling', 'moment_updating', 0.75, 5, 0.75, 1)",148.64,29.6740694883597
"('q_value_sampling', 'moment_updating', 0.75, 5, 1, 1)",151.68,27.920916890388824
"('q_value_sampling', 'moment_updating', 0.75, 5, 1.5, 1)",156.28,26.73726986810733
"('q_value_sampling', 'moment_updating', 0.75, 5, 2, 1)",164.84,28.794693955657873
"('q_value_sampling', 'moment_updating', 0.75, 5, 3, 1)",172.44,31.608328016521213
"('q_value_sampling', 'moment_updating', 2, 2, 0.01, 1)",157.24,43.70059953822144
"('q_value_sampling', 'moment_updating', 2, 2, 0.05, 1)",161.28,39.068677991455004
"('q_value_sampling', 'moment_updating', 2, 2, 0.1, 1)",161.52,38.895881530054055
"('q_value_sampling', 'moment_updating', 2, 2, 0.25, 1)",167.32,34.77150557568654
"('q_value_sampling', 'moment_updating', 2, 2, 0.5, 1)",169.88,32.91543103166052
"('q_value_sampling', 'moment_updating', 2, 2, 0.75, 1)",169.96,33.738974495381456
"('q_value_sampling', 'moment_updating', 2, 2, 1, 1)",171.12,30.04838764393191
"('q_value_sampling', 'moment_updating', 2, 2, 1.5, 1)",166.96,24.664922460855216
"('q_value_sampling', 'moment_updating', 2, 2, 2, 1)",164.64,24.509394117358347
"('q_value_sampling', 'moment_updating', 2, 2, 3, 1)",163.92,24.995871659136032
"('q_value_sampling', 'moment_updating', 2, 1.1, 0.01, 1)",162.16,25.52438833743132
"('q_value_sampling', 'moment_updating', 2, 1.1, 0.05, 1)",168.6,33.34246541574274
"('q_value_sampling', 'moment_updating', 2, 1.1, 0.1, 1)",167.24,31.120128534438926
"('q_value_sampling', 'moment_updating', 2, 1.1, 0.25, 1)",159.88,33.52708755618358
"('q_value_sampling', 'moment_updating', 2, 1.1, 0.5, 1)",169.52,48.38770091665856
"('q_value_sampling', 'moment_updating', 2, 1.1, 0.75, 1)",171.4,49.17275668497751
"('q_value_sampling', 'moment_updating', 2, 1.1, 1, 1)",168.32,33.18399614271916
"('q_value_sampling', 'moment_updating', 2, 1.1, 1.5, 1)",176.16,32.94805608833395
"('q_value_sampling', 'moment_updating', 2, 1.1, 2, 1)",181.44,32.28631908409505
"('q_value_sampling', 'moment_updating', 2, 1.1, 3, 1)",182.56,35.86650805417221
"('q_value_sampling', 'moment_updating', 2, 1.01, 0.01, 1)",172.52,41.84315475678191
"('q_value_sampling', 'moment_updating', 2, 1.01, 0.05, 1)",156.4,31.4604513635771
"('q_value_sampling', 'moment_updating', 2, 1.01, 0.1, 1)",167.0,32.16768564879979
"('q_value_sampling', 'moment_updating', 2, 1.01, 0.25, 1)",183.16,43.30374579640888
"('q_value_sampling', 'moment_updating', 2, 1.01, 0.5, 1)",193.2,49.221133672437894
"('q_value_sampling', 'moment_updating', 2, 1.01, 0.75, 1)",201.12,55.88868937450582
"('q_value_sampling', 'moment_updating', 2, 1.01, 1, 1)",183.52,32.94494801938531
"('q_value_sampling', 'moment_updating', 2, 1.01, 1.5, 1)",193.16,46.43290212769389
"('q_value_sampling', 'moment_updating', 2, 1.01, 2, 1)",187.32,43.119573281747584
"('q_value_sampling', 'moment_updating', 2, 1.01, 3, 1)",187.32,30.036271406417942
"('q_value_sampling', 'moment_updating', 2, 1.001, 0.01, 1)",174.24,45.99937390878272
"('q_value_sampling', 'moment_updating', 2, 1.001, 0.05, 1)",182.32,37.69426481575148
"('q_value_sampling', 'moment_updating', 2, 1.001, 0.1, 1)",186.8,36.632226249574295
"('q_value_sampling', 'moment_updating', 2, 1.001, 0.25, 1)",200.24,50.265916882118056
"('q_value_sampling', 'moment_updating', 2, 1.001, 0.5, 1)",201.08,44.39857655375902
"('q_value_sampling', 'moment_updating', 2, 1.001, 0.75, 1)",193.4,29.834878917133214
"('q_value_sampling', 'moment_updating', 2, 1.001, 1, 1)",209.08,68.70133623154646
"('q_value_sampling', 'moment_updating', 2, 1.001, 1.5, 1)",194.12,36.49528188684121
"('q_value_sampling', 'moment_updating', 2, 1.001, 2, 1)",209.12,51.46207924287553
"('q_value_sampling', 'moment_updating', 2, 1.001, 3, 1)",213.92,47.9965998795748
"('q_value_sampling', 'moment_updating', 2, 1.0001, 0.01, 1)",187.44,31.18214873930275
"('q_value_sampling', 'moment_updating', 2, 1.0001, 0.05, 1)",194.92,39.711378721973375
"('q_value_sampling', 'moment_updating', 2, 1.0001, 0.1, 1)",209.2,55.812543393040244
"('q_value_sampling', 'moment_updating', 2, 1.0001, 0.25, 1)",215.4,59.83076131890686
"('q_value_sampling', 'moment_updating', 2, 1.0001, 0.5, 1)",223.76,56.07800281750412
"('q_value_sampling', 'moment_updating', 2, 1.0001, 0.75, 1)",219.96,52.013059898452426
"('q_value_sampling', 'moment_updating', 2, 1.0001, 1, 1)",228.6,52.27198102234121
"('q_value_sampling', 'moment_updating', 2, 1.0001, 1.5, 1)",236.24,61.98792140409291
"('q_value_sampling', 'moment_updating', 2, 1.0001, 2, 1)",238.76,61.00083933848779
"('q_value_sampling', 'moment_updating', 2, 1.0001, 3, 1)",262.56,80.1958003887984
"('q_value_sampling', 'moment_updating', 2, 1.25, 0.01, 1)",162.44,33.33056255150819
"('q_value_sampling', 'moment_updating', 2, 1.25, 0.05, 1)",164.8,30.249628096887406
"('q_value_sampling', 'moment_updating', 2, 1.25, 0.1, 1)",169.84,41.4783606233419
"('q_value_sampling', 'moment_updating', 2, 1.25, 0.25, 1)",170.68,41.43353231381558
"('q_value_sampling', 'moment_updating', 2, 1.25, 0.5, 1)",163.28,32.70170637749657
"('q_value_sampling', 'moment_updating', 2, 1.25, 0.75, 1)",169.88,28.403971553288105
"('q_value_sampling', 'moment_updating', 2, 1.25, 1, 1)",164.28,29.48086837255647
"('q_value_sampling', 'moment_updating', 2, 1.25, 1.5, 1)",177.76,46.38385926160091
"('q_value_sampling', 'moment_updating', 2, 1.25, 2, 1)",171.32,35.37820798175058
"('q_value_sampling', 'moment_updating', 2, 1.25, 3, 1)",178.64,40.549110964360246
"('q_value_sampling', 'moment_updating', 2, 1.5, 0.01, 1)",169.56,28.633658515809675
"('q_value_sampling', 'moment_updating', 2, 1.5, 0.05, 1)",174.4,25.640592816859755
"('q_value_sampling', 'moment_updating', 2, 1.5, 0.1, 1)",167.96,24.788674833479906
"('q_value_sampling', 'moment_updating', 2, 1.5, 0.25, 1)",166.8,22.87706274852609
"('q_value_sampling', 'moment_updating', 2, 1.5, 0.5, 1)",168.2,25.594530665749666
"('q_value_sampling', 'moment_updating', 2, 1.5, 0.75, 1)",161.92,27.043550062815346
"('q_value_sampling', 'moment_updating', 2, 1.5, 1, 1)",167.36,28.342025333416103
"('q_value_sampling', 'moment_updating', 2, 1.5, 1.5, 1)",173.24,50.52348364869548
"('q_value_sampling', 'moment_updating', 2, 1.5, 2, 1)",173.0,30.045964787305465
"('q_value_sampling', 'moment_updating', 2, 1.5, 3, 1)",176.96,46.02302032678863
"('q_value_sampling', 'moment_updating', 2, 1.75, 0.01, 1)",154.12,32.990689595702605
"('q_value_sampling', 'moment_updating', 2, 1.75, 0.05, 1)",156.88,32.96097085948774
"('q_value_sampling', 'moment_updating', 2, 1.75, 0.1, 1)",161.2,30.737599125501
"('q_value_sampling', 'moment_updating', 2, 1.75, 0.25, 1)",169.72,29.844959373401736
"('q_value_sampling', 'moment_updating', 2, 1.75, 0.5, 1)",170.6,14.137892346456738
"('q_value_sampling', 'moment_updating', 2, 1.75, 0.75, 1)",169.08,18.771084145568153
"('q_value_sampling', 'moment_updating', 2, 1.75, 1, 1)",163.04,24.097269554868664
"('q_value_sampling', 'moment_updating', 2, 1.75, 1.5, 1)",164.56,23.691483701955015
"('q_value_sampling', 'moment_updating', 2, 1.75, 2, 1)",164.68,26.61912094716878
"('q_value_sampling', 'moment_updating', 2, 1.75, 3, 1)",172.52,32.9382695356025
"('q_value_sampling', 'moment_updating', 2, 2, 0.01, 1)",157.24,43.70059953822144
"('q_value_sampling', 'moment_updating', 2, 2, 0.05, 1)",161.28,39.068677991455004
"('q_value_sampling', 'moment_updating', 2, 2, 0.1, 1)",161.52,38.895881530054055
"('q_value_sampling', 'moment_updating', 2, 2, 0.25, 1)",167.32,34.77150557568654
"('q_value_sampling', 'moment_updating', 2, 2, 0.5, 1)",169.88,32.91543103166052
"('q_value_sampling', 'moment_updating', 2, 2, 0.75, 1)",169.96,33.738974495381456
"('q_value_sampling', 'moment_updating', 2, 2, 1, 1)",171.12,30.04838764393191
"('q_value_sampling', 'moment_updating', 2, 2, 1.5, 1)",166.96,24.664922460855216
"('q_value_sampling', 'moment_updating', 2, 2, 2, 1)",164.64,24.509394117358347
"('q_value_sampling', 'moment_updating', 2, 2, 3, 1)",163.92,24.995871659136032
"('q_value_sampling', 'moment_updating', 2, 5, 0.01, 1)",152.88,39.75758543976231
"('q_value_sampling', 'moment_updating', 2, 5, 0.05, 1)",147.88,29.676684450928814
"('q_value_sampling', 'moment_updating', 2, 5, 0.1, 1)",147.88,29.676684450928814
"('q_value_sampling', 'moment_updating', 2, 5, 0.25, 1)",149.92,29.103841670817275
"('q_value_sampling', 'moment_updating', 2, 5, 0.5, 1)",155.56,38.35265831725358
"('q_value_sampling', 'moment_updating', 2, 5, 0.75, 1)",153.76,26.652249436023215
"('q_value_sampling', 'moment_updating', 2, 5, 1, 1)",154.48,25.692208935784404
"('q_value_sampling', 'moment_updating', 2, 5, 1.5, 1)",164.48,36.42759393646525
"('q_value_sampling', 'moment_updating', 2, 5, 2, 1)",165.64,28.80191660289294
"('q_value_sampling', 'moment_updating', 2, 5, 3, 1)",167.08,28.941900421361414
"('q_value_sampling', 'moment_updating', 5, 2, 0.01, 1)",164.56,27.108788242929634
"('q_value_sampling', 'moment_updating', 5, 2, 0.05, 1)",163.16,21.271915757636876
"('q_value_sampling', 'moment_updating', 5, 2, 0.1, 1)",164.56,20.024145424961336
"('q_value_sampling', 'moment_updating', 5, 2, 0.25, 1)",169.08,27.230012853467404
"('q_value_sampling', 'moment_updating', 5, 2, 0.5, 1)",169.76,11.944136636860783
"('q_value_sampling', 'moment_updating', 5, 2, 0.75, 1)",167.2,14.005713120009277
"('q_value_sampling', 'moment_updating', 5, 2, 1, 1)",167.96,12.240849643713462
"('q_value_sampling', 'moment_updating', 5, 2, 1.5, 1)",165.16,17.032157819841853
"('q_value_sampling', 'moment_updating', 5, 2, 2, 1)",166.52,22.858906360541397
"('q_value_sampling', 'moment_updating', 5, 2, 3, 1)",167.36,16.54298642929988
"('q_value_sampling', 'moment_updating', 5, 1.1, 0.01, 1)",166.44,18.453357418096036
"('q_value_sampling', 'moment_updating', 5, 1.1, 0.05, 1)",170.72,14.981375103774687
"('q_value_sampling', 'moment_updating', 5, 1.1, 0.1, 1)",167.32,21.768270487110364
"('q_value_sampling', 'moment_updating', 5, 1.1, 0.25, 1)",168.32,37.410928884485074
"('q_value_sampling', 'moment_updating', 5, 1.1, 0.5, 1)",174.16,28.26684276674705
"('q_value_sampling', 'moment_updating', 5, 1.1, 0.75, 1)",171.92,26.72814247193396
"('q_value_sampling', 'moment_updating', 5, 1.1, 1, 1)",167.48,21.08576771189515
"('q_value_sampling', 'moment_updating', 5, 1.1, 1.5, 1)",173.96,27.324684810624987
"('q_value_sampling', 'moment_updating', 5, 1.1, 2, 1)",175.12,23.967177555982683
"('q_value_sampling', 'moment_updating', 5, 1.1, 3, 1)",172.24,16.89326493014302
"('q_value_sampling', 'moment_updating', 5, 1.01, 0.01, 1)",171.0,17.8986032974643
"('q_value_sampling', 'moment_updating', 5, 1.01, 0.05, 1)",159.16,27.22672216775277
"('q_value_sampling', 'moment_updating', 5, 1.01, 0.1, 1)",163.8,21.693316943243143
"('q_value_sampling', 'moment_updating', 5, 1.01, 0.25, 1)",174.84,19.847780732364008
"('q_value_sampling', 'moment_updating', 5, 1.01, 0.5, 1)",172.04,19.536591309642528
"('q_value_sampling', 'moment_updating', 5, 1.01, 0.75, 1)",178.32,23.526529705844847
"('q_value_sampling', 'moment_updating', 5, 1.01, 1, 1)",177.24,21.886580363318522
"('q_value_sampling', 'moment_updating', 5, 1.01, 1.5, 1)",176.8,20.796153490489534
"('q_value_sampling', 'moment_updating', 5, 1.01, 2, 1)",176.32,20.658596273706497
"('q_value_sampling', 'moment_updating', 5, 1.01, 3, 1)",180.32,26.178953378620772
"('q_value_sampling', 'moment_updating', 5, 1.001, 0.01, 1)",165.72,20.282051178320202
"('q_value_sampling', 'moment_updating', 5, 1.001, 0.05, 1)",179.08,25.295722958634727
"('q_value_sampling', 'moment_updating', 5, 1.001, 0.1, 1)",181.36,46.01467591975412
"('q_value_sampling', 'moment_updating', 5, 1.001, 0.25, 1)",175.52,16.60149390868183
"('q_value_sampling', 'moment_updating', 5, 1.001, 0.5, 1)",181.16,30.28158516326383
"('q_value_sampling', 'moment_updating', 5, 1.001, 0.75, 1)",176.2,15.890877886385008
"('q_value_sampling', 'moment_updating', 5, 1.001, 1, 1)",184.76,28.388420174430276
"('q_value_sampling', 'moment_updating', 5, 1.001, 1.5, 1)",176.6,17.682759965570988
"('q_value_sampling', 'moment_updating', 5, 1.001, 2, 1)",179.56,25.16597703249369
"('q_value_sampling', 'moment_updating', 5, 1.001, 3, 1)",188.96,32.94417095633156
"('q_value_sampling', 'moment_updating', 5, 1.0001, 0.01, 1)",174.92,21.332454148550276
"('q_value_sampling', 'moment_updating', 5, 1.0001, 0.05, 1)",175.92,17.490385930561967
"('q_value_sampling', 'moment_updating', 5, 1.0001, 0.1, 1)",187.28,36.41924765834681
"('q_value_sampling', 'moment_updating', 5, 1.0001, 0.25, 1)",191.56,35.19838632664856
"('q_value_sampling', 'moment_updating', 5, 1.0001, 0.5, 1)",196.84,40.51091704713681
"('q_value_sampling', 'moment_updating', 5, 1.0001, 0.75, 1)",199.32,33.793750901609016
"('q_value_sampling', 'moment_updating', 5, 1.0001, 1, 1)",208.6,42.30413691354546
"('q_value_sampling', 'moment_updating', 5, 1.0001, 1.5, 1)",208.88,49.31881588197348
"('q_value_sampling', 'moment_updating', 5, 1.0001, 2, 1)",211.0,47.07653343227388
"('q_value_sampling', 'moment_updating', 5, 1.0001, 3, 1)",210.68,40.53760723081716
"('q_value_sampling', 'moment_updating', 5, 1.25, 0.01, 1)",169.2,17.82133552795637
"('q_value_sampling', 'moment_updating', 5, 1.25, 0.05, 1)",164.72,20.19805931271616
"('q_value_sampling', 'moment_updating', 5, 1.25, 0.1, 1)",165.64,20.764161432622316
"('q_value_sampling', 'moment_updating', 5, 1.25, 0.25, 1)",166.0,32.288697712976905
"('q_value_sampling', 'moment_updating', 5, 1.25, 0.5, 1)",166.08,19.867400433876597
"('q_value_sampling', 'moment_updating', 5, 1.25, 0.75, 1)",168.48,14.29718853481341
"('q_value_sampling', 'moment_updating', 5, 1.25, 1, 1)",174.2,15.29051993883792
"('q_value_sampling', 'moment_updating', 5, 1.25, 1.5, 1)",170.28,21.18871397702088
"('q_value_sampling', 'moment_updating', 5, 1.25, 2, 1)",169.28,14.18032439685355
"('q_value_sampling', 'moment_updating', 5, 1.25, 3, 1)",176.16,20.660454980469332
"('q_value_sampling', 'moment_updating', 5, 1.5, 0.01, 1)",165.04,20.334168288867875
"('q_value_sampling', 'moment_updating', 5, 1.5, 0.05, 1)",165.96,15.902150797926675
"('q_value_sampling', 'moment_updating', 5, 1.5, 0.1, 1)",167.84,17.60381776774572
"('q_value_sampling', 'moment_updating', 5, 1.5, 0.25, 1)",170.0,15.062536307010184
"('q_value_sampling', 'moment_updating', 5, 1.5, 0.5, 1)",169.6,13.954210834009926
"('q_value_sampling', 'moment_updating', 5, 1.5, 0.75, 1)",170.08,14.388662203276578
"('q_value_sampling', 'moment_updating', 5, 1.5, 1, 1)",168.48,20.99356091757661
"('q_value_sampling', 'moment_updating', 5, 1.5, 1.5, 1)",165.32,22.657837496107167
"('q_value_sampling', 'moment_updating', 5, 1.5, 2, 1)",166.04,27.555006804571832
"('q_value_sampling', 'moment_updating', 5, 1.5, 3, 1)",167.24,17.180873086080343
"('q_value_sampling', 'moment_updating', 5, 1.75, 0.01, 1)",165.88,20.893673683677555
"('q_value_sampling', 'moment_updating', 5, 1.75, 0.05, 1)",163.72,24.751597928214654
"('q_value_sampling', 'moment_updating', 5, 1.75, 0.1, 1)",163.52,25.119108264426906
"('q_value_sampling', 'moment_updating', 5, 1.75, 0.25, 1)",170.96,20.80092305644151
"('q_value_sampling', 'moment_updating', 5, 1.75, 0.5, 1)",173.28,15.077188066745071
"('q_value_sampling', 'moment_updating', 5, 1.75, 0.75, 1)",169.4,14.22251735804882
"('q_value_sampling', 'moment_updating', 5, 1.75, 1, 1)",169.68,13.92183895898814
"('q_value_sampling', 'moment_updating', 5, 1.75, 1.5, 1)",170.44,10.690481747797898
"('q_value_sampling', 'moment_updating', 5, 1.75, 2, 1)",170.88,18.335364735941308
"('q_value_sampling', 'moment_updating', 5, 1.75, 3, 1)",166.72,17.082201263303276
"('q_value_sampling', 'moment_updating', 5, 2, 0.01, 1)",164.56,27.108788242929634
"('q_value_sampling', 'moment_updating', 5, 2, 0.05, 1)",163.16,21.271915757636876
"('q_value_sampling', 'moment_updating', 5, 2, 0.1, 1)",164.56,20.024145424961336
"('q_value_sampling', 'moment_updating', 5, 2, 0.25, 1)",169.08,27.230012853467404
"('q_value_sampling', 'moment_updating', 5, 2, 0.5, 1)",169.76,11.944136636860783
"('q_value_sampling', 'moment_updating', 5, 2, 0.75, 1)",167.2,14.005713120009277
"('q_value_sampling', 'moment_updating', 5, 2, 1, 1)",167.96,12.240849643713462
"('q_value_sampling', 'moment_updating', 5, 2, 1.5, 1)",165.16,17.032157819841853
"('q_value_sampling', 'moment_updating', 5, 2, 2, 1)",166.52,22.858906360541397
"('q_value_sampling', 'moment_updating', 5, 2, 3, 1)",167.36,16.54298642929988
"('q_value_sampling', 'moment_updating', 5, 5, 0.01, 1)",154.84,35.37250909958184
"('q_value_sampling', 'moment_updating', 5, 5, 0.05, 1)",154.4,35.78826623350173
"('q_value_sampling', 'moment_updating', 5, 5, 0.1, 1)",154.2,35.820106085828385
"('q_value_sampling', 'moment_updating', 5, 5, 0.25, 1)",154.88,28.16
"('q_value_sampling', 'moment_updating', 5, 5, 0.5, 1)",158.8,26.04611295375953
"('q_value_sampling', 'moment_updating', 5, 5, 0.75, 1)",162.6,29.963310898497184
"('q_value_sampling', 'moment_updating', 5, 5, 1, 1)",161.56,31.033633367686743
"('q_value_sampling', 'moment_updating', 5, 5, 1.5, 1)",164.96,27.361988231851868
"('q_value_sampling', 'moment_updating', 5, 5, 2, 1)",167.0,27.65863337187866
"('q_value_sampling', 'moment_updating', 5, 5, 3, 1)",168.88,25.809021678475148
